page	role	chemin	sha256
-	manifeste	/Users/marcel/axel/data/prepared/olr/newseye_as.json	840578353e3ec1d130f19ab76c6e289ebd6a05326ae15c1a25622d4128d94887
-	manifeste	/Users/marcel/axel/data/prepared/seg/manifest.json	e8a87036ef0793bb678f0ead68bf7b0b0feb1f38a27cb271d2560d3e3ac47529
18680715_1-0001	PAGE	/Users/marcel/corpus-vt/newseye-as/xml/18680715_1-0001.xml	9234bf7a44b6f0ff044a7cd90ee687c10d58a2bfa7752b43c166be85ebc1a579
18680715_1-0001	en-tête image (résolution)	/Users/marcel/corpus-vt/newseye-as/img/18680715_1-0001.jpg	-
18680715_1-0002	PAGE	/Users/marcel/corpus-vt/newseye-as/xml/18680715_1-0002.xml	58f1cf041670296fa3e4daa02e569eda031d1cf332880089323c8ed8a307f321
18680715_1-0002	en-tête image (résolution)	/Users/marcel/corpus-vt/newseye-as/img/18680715_1-0002.jpg	-
18680715_1-0003	PAGE	/Users/marcel/corpus-vt/newseye-as/xml/18680715_1-0003.xml	545796baeb330ca582261185187b02d31b8442ddbde6f460ed143eff267c6d2a
18680715_1-0003	en-tête image (résolution)	/Users/marcel/corpus-vt/newseye-as/img/18680715_1-0003.jpg	-
18680715_1-0004	PAGE	/Users/marcel/corpus-vt/newseye-as/xml/18680715_1-0004.xml	6f2f4b3b7abbe47a1dbd94c46d14d27fe094fdb6f19e23cb17a056dc2b5546c2
18680715_1-0004	en-tête image (résolution)	/Users/marcel/corpus-vt/newseye-as/img/18680715_1-0004.jpg	-
18700715_1-0001	PAGE	/Users/marcel/corpus-vt/newseye-as/xml/18700715_1-0001.xml	5966fc7d17d9e69a16bbe95a41b4b0c5e76c3e65587eb964db7df5ef324748b2
18700715_1-0001	en-tête image (résolution)	/Users/marcel/corpus-vt/newseye-as/img/18700715_1-0001.jpg	-
18700715_1-0002	PAGE	/Users/marcel/corpus-vt/newseye-as/xml/18700715_1-0002.xml	3626f6d687b5ceb3ab90c58499d11ff1e7f3748602e17bd59d1aa2f9865e586c
18700715_1-0002	en-tête image (résolution)	/Users/marcel/corpus-vt/newseye-as/img/18700715_1-0002.jpg	-
18700715_1-0003	PAGE	/Users/marcel/corpus-vt/newseye-as/xml/18700715_1-0003.xml	ea66659669188238552884f4af0f0fc45bb6defab22857366d0afd25f795de12
18700715_1-0003	en-tête image (résolution)	/Users/marcel/corpus-vt/newseye-as/img/18700715_1-0003.jpg	-
18700715_1-0004	PAGE	/Users/marcel/corpus-vt/newseye-as/xml/18700715_1-0004.xml	1b6016be5eb52a8433c25b59899be080a758aed588bc51848d5e62a47ead12c9
18700715_1-0004	en-tête image (résolution)	/Users/marcel/corpus-vt/newseye-as/img/18700715_1-0004.jpg	-
18710715_1-0001	PAGE	/Users/marcel/corpus-vt/newseye-as/xml/18710715_1-0001.xml	a97549425b28cc8acc79e2ab43991d3fe720461c1a40d1a67c115b5d72f41c04
18710715_1-0001	en-tête image (résolution)	/Users/marcel/corpus-vt/newseye-as/img/18710715_1-0001.jpg	-
18710715_1-0002	PAGE	/Users/marcel/corpus-vt/newseye-as/xml/18710715_1-0002.xml	64f3d79edfa61041b04ca52e4cd5eed3075e260ef5a7bcdb7d935bc24be7f1e8
18710715_1-0002	en-tête image (résolution)	/Users/marcel/corpus-vt/newseye-as/img/18710715_1-0002.jpg	-
18710715_1-0003	PAGE	/Users/marcel/corpus-vt/newseye-as/xml/18710715_1-0003.xml	806dc91cbd8c1366f6500a824cb262e742df0fa4233fa1c4e87790f62c810c46
18710715_1-0003	en-tête image (résolution)	/Users/marcel/corpus-vt/newseye-as/img/18710715_1-0003.jpg	-
18710715_1-0004	PAGE	/Users/marcel/corpus-vt/newseye-as/xml/18710715_1-0004.xml	08340de6a29ee635c9b94069af7cd79a314ed662637c2a0b879a8232a7ac98a9
18710715_1-0004	en-tête image (résolution)	/Users/marcel/corpus-vt/newseye-as/img/18710715_1-0004.jpg	-
18720715_1-0001	PAGE	/Users/marcel/corpus-vt/newseye-as/xml/18720715_1-0001.xml	94e8d4cd9eb40110c879b7396167ac4fd8508dfddbd6df757733ef4ac9c1aaa4
18720715_1-0001	en-tête image (résolution)	/Users/marcel/corpus-vt/newseye-as/img/18720715_1-0001.jpg	-
18720715_1-0002	PAGE	/Users/marcel/corpus-vt/newseye-as/xml/18720715_1-0002.xml	9642093f406420c302a1914f8950faa0a6a07eee786565cd1f776df6585e8750
18720715_1-0002	en-tête image (résolution)	/Users/marcel/corpus-vt/newseye-as/img/18720715_1-0002.jpg	-
18720715_1-0003	PAGE	/Users/marcel/corpus-vt/newseye-as/xml/18720715_1-0003.xml	62f599f7f4f79aae56dbb01aedd9ac7356c68dbe1e7c1a325e6f1a851da98dcf
18720715_1-0003	en-tête image (résolution)	/Users/marcel/corpus-vt/newseye-as/img/18720715_1-0003.jpg	-
18720715_1-0004	PAGE	/Users/marcel/corpus-vt/newseye-as/xml/18720715_1-0004.xml	b8cadc4bc497d02db9f3560df8a58a274dcc5a3ee3dc621a50a0caea6f61eb41
18720715_1-0004	en-tête image (résolution)	/Users/marcel/corpus-vt/newseye-as/img/18720715_1-0004.jpg	-
18740715_1-0001	PAGE	/Users/marcel/corpus-vt/newseye-as/xml/18740715_1-0001.xml	61a5967b66b29540283cf9ac49a3e79c3c68518c8fab1640d26933f525909bb1
18740715_1-0001	en-tête image (résolution)	/Users/marcel/corpus-vt/newseye-as/img/18740715_1-0001.jpg	-
18740715_1-0002	PAGE	/Users/marcel/corpus-vt/newseye-as/xml/18740715_1-0002.xml	8423194105755f3eafb9af14743da96bce8e6084e25ae11c1c4cc5781457a968
18740715_1-0002	en-tête image (résolution)	/Users/marcel/corpus-vt/newseye-as/img/18740715_1-0002.jpg	-
18740715_1-0003	PAGE	/Users/marcel/corpus-vt/newseye-as/xml/18740715_1-0003.xml	acdb663b2fda4ee151256d1ac63ec80e37c540d2a1d2e9c4eb80ff1d9c943340
18740715_1-0003	en-tête image (résolution)	/Users/marcel/corpus-vt/newseye-as/img/18740715_1-0003.jpg	-
18740715_1-0004	PAGE	/Users/marcel/corpus-vt/newseye-as/xml/18740715_1-0004.xml	61ebd05a3874474f8c5667b6001ba17aa0d3db6e8db0b27a041bc1640a6ed8fc
18740715_1-0004	en-tête image (résolution)	/Users/marcel/corpus-vt/newseye-as/img/18740715_1-0004.jpg	-
18750715_1-0001	PAGE	/Users/marcel/corpus-vt/newseye-as/xml/18750715_1-0001.xml	bc46cb00be7f9c85b6e015e09139531519b854ce6e7e7cc4b94f2b7263dddd0e
18750715_1-0001	en-tête image (résolution)	/Users/marcel/corpus-vt/newseye-as/img/18750715_1-0001.jpg	-
18750715_1-0002	PAGE	/Users/marcel/corpus-vt/newseye-as/xml/18750715_1-0002.xml	9f969980d44017b8f4cc9a7cd4a6486d6e0a52fca5865b44923de167be083e56
18750715_1-0002	en-tête image (résolution)	/Users/marcel/corpus-vt/newseye-as/img/18750715_1-0002.jpg	-
18750715_1-0003	PAGE	/Users/marcel/corpus-vt/newseye-as/xml/18750715_1-0003.xml	3735e8a7c4af96fe8af072aa30cbd1c376c0d181102d8f1f22ec8d87d87348b7
18750715_1-0003	en-tête image (résolution)	/Users/marcel/corpus-vt/newseye-as/img/18750715_1-0003.jpg	-
18750715_1-0004	PAGE	/Users/marcel/corpus-vt/newseye-as/xml/18750715_1-0004.xml	3ad3160cee9fe3b23bf6778b85bf304fc0c71fcf8727a3588cf787a796115140
18750715_1-0004	en-tête image (résolution)	/Users/marcel/corpus-vt/newseye-as/img/18750715_1-0004.jpg	-
18840315_1-0001	PAGE	/Users/marcel/corpus-vt/newseye-as/xml/18840315_1-0001.xml	d5a75bbd08dd099c2f55510683a355c3a751757aa673a859c8ce1fe23ea7b163
18840315_1-0001	en-tête image (résolution)	/Users/marcel/corpus-vt/newseye-as/img/18840315_1-0001.jpg	-
18840315_1-0002	PAGE	/Users/marcel/corpus-vt/newseye-as/xml/18840315_1-0002.xml	4bd61dafec4e0b902a3f97b4845aedf784dc8a35b4f8b502f39ac4cba0f80b46
18840315_1-0002	en-tête image (résolution)	/Users/marcel/corpus-vt/newseye-as/img/18840315_1-0002.jpg	-
18840315_1-0003	PAGE	/Users/marcel/corpus-vt/newseye-as/xml/18840315_1-0003.xml	2dbacb98cd5d35f9e8834e2b6de392848d6470e7d300a11520f93b4010eb418b
18840315_1-0003	en-tête image (résolution)	/Users/marcel/corpus-vt/newseye-as/img/18840315_1-0003.jpg	-
18840315_1-0004	PAGE	/Users/marcel/corpus-vt/newseye-as/xml/18840315_1-0004.xml	31674761a225f854ad03a2429d637a28301d4cfe311dc0b3b478338659e1a017
18840315_1-0004	en-tête image (résolution)	/Users/marcel/corpus-vt/newseye-as/img/18840315_1-0004.jpg	-
18860115_1-0001	PAGE	/Users/marcel/corpus-vt/newseye-as/xml/18860115_1-0001.xml	0ff7421faacba8c1137c57ec8a50c03088956e82da58b6067c660a50f592df84
18860115_1-0001	en-tête image (résolution)	/Users/marcel/corpus-vt/newseye-as/img/18860115_1-0001.jpg	-
18860115_1-0002	PAGE	/Users/marcel/corpus-vt/newseye-as/xml/18860115_1-0002.xml	bf8558bf6c18002e87e3bddf3e2c46bfdea31967f3986f1366335946a39994d1
18860115_1-0002	en-tête image (résolution)	/Users/marcel/corpus-vt/newseye-as/img/18860115_1-0002.jpg	-
18860115_1-0003	PAGE	/Users/marcel/corpus-vt/newseye-as/xml/18860115_1-0003.xml	b2c0cdf567075fbc334c2d49de978533ca2daf34d96946f3d068b74a9476c7fa
18860115_1-0003	en-tête image (résolution)	/Users/marcel/corpus-vt/newseye-as/img/18860115_1-0003.jpg	-
18860115_1-0004	PAGE	/Users/marcel/corpus-vt/newseye-as/xml/18860115_1-0004.xml	41a06e905c5503863a69cd108212d5305327ce337b3a3ecd9e09e30be97d3770
18860115_1-0004	en-tête image (résolution)	/Users/marcel/corpus-vt/newseye-as/img/18860115_1-0004.jpg	-
18900115_1-0001	PAGE	/Users/marcel/corpus-vt/newseye-as/xml/18900115_1-0001.xml	f10fc43ae6959d59c7b9ed9de348b0802c7f2f1671b95af2be15b1cbbabb96ee
18900115_1-0001	en-tête image (résolution)	/Users/marcel/corpus-vt/newseye-as/img/18900115_1-0001.jpg	-
18900115_1-0002	PAGE	/Users/marcel/corpus-vt/newseye-as/xml/18900115_1-0002.xml	5532b2c60a8792f7fb03161f4a625f616eee3c985101b15c8cbf78b19e1ec178
18900115_1-0002	en-tête image (résolution)	/Users/marcel/corpus-vt/newseye-as/img/18900115_1-0002.jpg	-
18900115_1-0003	PAGE	/Users/marcel/corpus-vt/newseye-as/xml/18900115_1-0003.xml	4fac41b96a8c1d17da988038f16eb755e0c8c4b46925982d1df858246ccfa6ce
18900115_1-0003	en-tête image (résolution)	/Users/marcel/corpus-vt/newseye-as/img/18900115_1-0003.jpg	-
18900115_1-0004	PAGE	/Users/marcel/corpus-vt/newseye-as/xml/18900115_1-0004.xml	98beb1ecce28d2b6ce51f89cafd131d8b3bc42cee6a4e30f7b1fc0dbdabd9323
18900115_1-0004	en-tête image (résolution)	/Users/marcel/corpus-vt/newseye-as/img/18900115_1-0004.jpg	-
18920115_1-0001	PAGE	/Users/marcel/corpus-vt/newseye-as/xml/18920115_1-0001.xml	26d67303eeb87079e52d234005ededa0ded811cc987f6ed5ca37238b0840b940
18920115_1-0001	en-tête image (résolution)	/Users/marcel/corpus-vt/newseye-as/img/18920115_1-0001.jpg	-
18920115_1-0002	PAGE	/Users/marcel/corpus-vt/newseye-as/xml/18920115_1-0002.xml	0764178f2a1634363033cfee5ca7f511c4d7674b1920336d27593169beff0425
18920115_1-0002	en-tête image (résolution)	/Users/marcel/corpus-vt/newseye-as/img/18920115_1-0002.jpg	-
18920115_1-0003	PAGE	/Users/marcel/corpus-vt/newseye-as/xml/18920115_1-0003.xml	a09048e581d1e14269358d7f96c5cd067f6b62e52e586db930a60d8c83bf2392
18920115_1-0003	en-tête image (résolution)	/Users/marcel/corpus-vt/newseye-as/img/18920115_1-0003.jpg	-
18920115_1-0004	PAGE	/Users/marcel/corpus-vt/newseye-as/xml/18920115_1-0004.xml	9f10b008d6612c69a352818d7715847cbe0bc42cdba4c9eca48e9de3123598e4
18920115_1-0004	en-tête image (résolution)	/Users/marcel/corpus-vt/newseye-as/img/18920115_1-0004.jpg	-
18940115_1-0001	PAGE	/Users/marcel/corpus-vt/newseye-as/xml/18940115_1-0001.xml	6b415a3beaaa9ab343d2e0498cddb574bd695c93d93cd91d87de9881a0e764c8
18940115_1-0001	en-tête image (résolution)	/Users/marcel/corpus-vt/newseye-as/img/18940115_1-0001.jpg	-
18940115_1-0002	PAGE	/Users/marcel/corpus-vt/newseye-as/xml/18940115_1-0002.xml	f5af65fbf09f7c076952a4af7a9844db917b08417add53180ad8a8bf52e74874
18940115_1-0002	en-tête image (résolution)	/Users/marcel/corpus-vt/newseye-as/img/18940115_1-0002.jpg	-
18940115_1-0003	PAGE	/Users/marcel/corpus-vt/newseye-as/xml/18940115_1-0003.xml	4d7ab7bac4eb8e4fb3ba85603cbf584ad8f18dd675d9eb46f072ede949235a19
18940115_1-0003	en-tête image (résolution)	/Users/marcel/corpus-vt/newseye-as/img/18940115_1-0003.jpg	-
18940115_1-0004	PAGE	/Users/marcel/corpus-vt/newseye-as/xml/18940115_1-0004.xml	c2d9a1074c03372c2ca3640aff7ff62d4beb059d86afd7772a8f2d246a9e81c5
18940115_1-0004	en-tête image (résolution)	/Users/marcel/corpus-vt/newseye-as/img/18940115_1-0004.jpg	-
18960115_1-0001	PAGE	/Users/marcel/corpus-vt/newseye-as/xml/18960115_1-0001.xml	21ff68eefad1dd62a46a64ce65b096220468ff0640cb7442a90af1e65018d23b
18960115_1-0001	en-tête image (résolution)	/Users/marcel/corpus-vt/newseye-as/img/18960115_1-0001.jpg	-
18960115_1-0002	PAGE	/Users/marcel/corpus-vt/newseye-as/xml/18960115_1-0002.xml	60306556e64c63107dfe8166f521b2fb2aac674401e3b317828c7e01b14566bd
18960115_1-0002	en-tête image (résolution)	/Users/marcel/corpus-vt/newseye-as/img/18960115_1-0002.jpg	-
18960115_1-0003	PAGE	/Users/marcel/corpus-vt/newseye-as/xml/18960115_1-0003.xml	8fa1e7bbbe273a47cc020d2519437fd8dfaabf77f03c71cf6c1c16613c55b56f
18960115_1-0003	en-tête image (résolution)	/Users/marcel/corpus-vt/newseye-as/img/18960115_1-0003.jpg	-
18960115_1-0004	PAGE	/Users/marcel/corpus-vt/newseye-as/xml/18960115_1-0004.xml	eb4db7ccc0488d910f8647af77ef93de564ea7836b01676588f67b44763e5bcc
18960115_1-0004	en-tête image (résolution)	/Users/marcel/corpus-vt/newseye-as/img/18960115_1-0004.jpg	-
18970715_1-0001	PAGE	/Users/marcel/corpus-vt/newseye-as/xml/18970715_1-0001.xml	9d1b97eca7b919ddcedb15bdaaf685fbbdb7929c973229c2f38d664892bcc87e
18970715_1-0001	en-tête image (résolution)	/Users/marcel/corpus-vt/newseye-as/img/18970715_1-0001.jpg	-
18970715_1-0003	PAGE	/Users/marcel/corpus-vt/newseye-as/xml/18970715_1-0003.xml	cc0552b740b5bd929087b418a43754fd38dfe00a2a7b89dd3d48734e09645874
18970715_1-0003	en-tête image (résolution)	/Users/marcel/corpus-vt/newseye-as/img/18970715_1-0003.jpg	-
18970715_1-0004	PAGE	/Users/marcel/corpus-vt/newseye-as/xml/18970715_1-0004.xml	36c84f399c95dbbb7e414cc647c55a40357f4086a89f4d46a3db0c96b8304dd5
18970715_1-0004	en-tête image (résolution)	/Users/marcel/corpus-vt/newseye-as/img/18970715_1-0004.jpg	-
18990715_1-0001	PAGE	/Users/marcel/corpus-vt/newseye-as/xml/18990715_1-0001.xml	def5e466c41b1c2f5c48e69d11d36180ea7f51a5e74c339e749ed165af7e85d6
18990715_1-0001	en-tête image (résolution)	/Users/marcel/corpus-vt/newseye-as/img/18990715_1-0001.jpg	-
18990715_1-0002	PAGE	/Users/marcel/corpus-vt/newseye-as/xml/18990715_1-0002.xml	2813462834fe69f7d60b18f9755f2b81000973522ef3efda200fe965b8169867
18990715_1-0002	en-tête image (résolution)	/Users/marcel/corpus-vt/newseye-as/img/18990715_1-0002.jpg	-
18990715_1-0003	PAGE	/Users/marcel/corpus-vt/newseye-as/xml/18990715_1-0003.xml	92e4c3cfd26ea004ac83705fdbc58e657e87888608179f8619bc3f520cc23261
18990715_1-0003	en-tête image (résolution)	/Users/marcel/corpus-vt/newseye-as/img/18990715_1-0003.jpg	-
18990715_1-0004	PAGE	/Users/marcel/corpus-vt/newseye-as/xml/18990715_1-0004.xml	7566c34afe471e25b59ff8a14e05d2fa63d57f802a560481acb3c94e12a393a5
18990715_1-0004	en-tête image (résolution)	/Users/marcel/corpus-vt/newseye-as/img/18990715_1-0004.jpg	-
19000115_1-0001	PAGE	/Users/marcel/corpus-vt/newseye-as/xml/19000115_1-0001.xml	5ff8fa83a53d2acb13f3e6d3222b4be99279d0e342003cec6be73557918bc718
19000115_1-0001	en-tête image (résolution)	/Users/marcel/corpus-vt/newseye-as/img/19000115_1-0001.jpg	-
19000115_1-0002	PAGE	/Users/marcel/corpus-vt/newseye-as/xml/19000115_1-0002.xml	adc8d2c4a1a8a05caa2bb5d5a2222524d964c0cdb17e3960419ffb4dd7db60fe
19000115_1-0002	en-tête image (résolution)	/Users/marcel/corpus-vt/newseye-as/img/19000115_1-0002.jpg	-
19000115_1-0003	PAGE	/Users/marcel/corpus-vt/newseye-as/xml/19000115_1-0003.xml	5fc131bca019bd353e39735f78810971d8513d51e441d328dc69991fc37c0e41
19000115_1-0003	en-tête image (résolution)	/Users/marcel/corpus-vt/newseye-as/img/19000115_1-0003.jpg	-
19000115_1-0004	PAGE	/Users/marcel/corpus-vt/newseye-as/xml/19000115_1-0004.xml	c6afa48a916e25ac7c9f42e7af49ee0fb3828830ffaac823f5b50080cc5d46cd
19000115_1-0004	en-tête image (résolution)	/Users/marcel/corpus-vt/newseye-as/img/19000115_1-0004.jpg	-
19000115_1-0005	PAGE	/Users/marcel/corpus-vt/newseye-as/xml/19000115_1-0005.xml	f859afe492a4314bc15d12489e6f9fad722bae140043605ebb42112909e423d2
19000115_1-0005	en-tête image (résolution)	/Users/marcel/corpus-vt/newseye-as/img/19000115_1-0005.jpg	-
19000115_1-0006	PAGE	/Users/marcel/corpus-vt/newseye-as/xml/19000115_1-0006.xml	7e1fdd714f031613f7c401232021c2d7dc15b27e9e97550dd4cb7d27c494b9be
19000115_1-0006	en-tête image (résolution)	/Users/marcel/corpus-vt/newseye-as/img/19000115_1-0006.jpg	-
19000715_1-0001	PAGE	/Users/marcel/corpus-vt/newseye-as/xml/19000715_1-0001.xml	b4cbad9372b19087a0f348caf166ac0856a784260f51635ef032c02358c70dfb
19000715_1-0001	en-tête image (résolution)	/Users/marcel/corpus-vt/newseye-as/img/19000715_1-0001.jpg	-
19000715_1-0002	PAGE	/Users/marcel/corpus-vt/newseye-as/xml/19000715_1-0002.xml	6364cbf11fbab327a6cdaef17a192db906d333b3f1dde3ff733c7468750461bc
19000715_1-0002	en-tête image (résolution)	/Users/marcel/corpus-vt/newseye-as/img/19000715_1-0002.jpg	-
19000715_1-0003	PAGE	/Users/marcel/corpus-vt/newseye-as/xml/19000715_1-0003.xml	49b3a257532c21b9588edfdba6187aedfcc079529c09c44f0b42b35a6486402a
19000715_1-0003	en-tête image (résolution)	/Users/marcel/corpus-vt/newseye-as/img/19000715_1-0003.jpg	-
19000715_1-0004	PAGE	/Users/marcel/corpus-vt/newseye-as/xml/19000715_1-0004.xml	53c2afeb468073ca3670650b0c5dea1ee7e6bdcc109b3114a97d680b6802e58e
19000715_1-0004	en-tête image (résolution)	/Users/marcel/corpus-vt/newseye-as/img/19000715_1-0004.jpg	-
19020115_1-0001	PAGE	/Users/marcel/corpus-vt/newseye-as/xml/19020115_1-0001.xml	32004831869468abee3a97fc866407f88411a36ed059564decc625a5fce00074
19020115_1-0001	en-tête image (résolution)	/Users/marcel/corpus-vt/newseye-as/img/19020115_1-0001.jpg	-
19020115_1-0002	PAGE	/Users/marcel/corpus-vt/newseye-as/xml/19020115_1-0002.xml	2b060d2720e2d1862bfcff23c8e512fc10ee6d718af22ba88575cd9c34931470
19020115_1-0002	en-tête image (résolution)	/Users/marcel/corpus-vt/newseye-as/img/19020115_1-0002.jpg	-
19020115_1-0003	PAGE	/Users/marcel/corpus-vt/newseye-as/xml/19020115_1-0003.xml	080d4245f7f7a4674b8f3b3f7a40ea9c5434ed3ef8652ac87c346492290f2181
19020115_1-0003	en-tête image (résolution)	/Users/marcel/corpus-vt/newseye-as/img/19020115_1-0003.jpg	-
19020115_1-0004	PAGE	/Users/marcel/corpus-vt/newseye-as/xml/19020115_1-0004.xml	34b5b2214180f2e541cac10ae17b255ade8798aea32987d84819dac6c3acab18
19020115_1-0004	en-tête image (résolution)	/Users/marcel/corpus-vt/newseye-as/img/19020115_1-0004.jpg	-
19020115_1-0005	PAGE	/Users/marcel/corpus-vt/newseye-as/xml/19020115_1-0005.xml	56300f94468cbf0d8bd7f7bede154e9d0638d6fcbbe4ff4441f0bedb90ca919d
19020115_1-0005	en-tête image (résolution)	/Users/marcel/corpus-vt/newseye-as/img/19020115_1-0005.jpg	-
19020115_1-0006	PAGE	/Users/marcel/corpus-vt/newseye-as/xml/19020115_1-0006.xml	06c8e18cdbd010dd19b89bf3112d0cfe1ea8908a6a4816bbf3c002743455b00b
19020115_1-0006	en-tête image (résolution)	/Users/marcel/corpus-vt/newseye-as/img/19020115_1-0006.jpg	-
19040115_1-0001	PAGE	/Users/marcel/corpus-vt/newseye-as/xml/19040115_1-0001.xml	2833f14d20308712e64e9e832c6887be916bf9eea3692873959269d0a64c76f9
19040115_1-0001	en-tête image (résolution)	/Users/marcel/corpus-vt/newseye-as/img/19040115_1-0001.jpg	-
19040115_1-0002	PAGE	/Users/marcel/corpus-vt/newseye-as/xml/19040115_1-0002.xml	eee81800156ab0e713455f4f9bb3b7a4fad9075991a34bb297b816f239a7c057
19040115_1-0002	en-tête image (résolution)	/Users/marcel/corpus-vt/newseye-as/img/19040115_1-0002.jpg	-
19040115_1-0003	PAGE	/Users/marcel/corpus-vt/newseye-as/xml/19040115_1-0003.xml	fe1ba5fdb3ff8e4644655ea0b54906348c5a3ea35b458e199595d8d9ece83471
19040115_1-0003	en-tête image (résolution)	/Users/marcel/corpus-vt/newseye-as/img/19040115_1-0003.jpg	-
19040115_1-0004	PAGE	/Users/marcel/corpus-vt/newseye-as/xml/19040115_1-0004.xml	dd5e5424dcadcc141a8991e65658b9364ca4eb0adfa0ea214866b374b3143094
19040115_1-0004	en-tête image (résolution)	/Users/marcel/corpus-vt/newseye-as/img/19040115_1-0004.jpg	-
19040115_1-0005	PAGE	/Users/marcel/corpus-vt/newseye-as/xml/19040115_1-0005.xml	d2634bcce54d4d1d8b41902f0c2c8463516692f063c09916fcd4b6c923fac966
19040115_1-0005	en-tête image (résolution)	/Users/marcel/corpus-vt/newseye-as/img/19040115_1-0005.jpg	-
19040115_1-0006	PAGE	/Users/marcel/corpus-vt/newseye-as/xml/19040115_1-0006.xml	2a07117c44db34fecaa82a707a4196a2e7d1fdf6f7061bc382f6c1081761a592
19040115_1-0006	en-tête image (résolution)	/Users/marcel/corpus-vt/newseye-as/img/19040115_1-0006.jpg	-
19060115_1-0001	PAGE	/Users/marcel/corpus-vt/newseye-as/xml/19060115_1-0001.xml	5666afe73d01260fec458051895ccbf5a9b2f6b63c787c6dea3257043ecefa41
19060115_1-0001	en-tête image (résolution)	/Users/marcel/corpus-vt/newseye-as/img/19060115_1-0001.jpg	-
19060115_1-0002	PAGE	/Users/marcel/corpus-vt/newseye-as/xml/19060115_1-0002.xml	3c3ab6034e109c537e127ef3c2e21e4cb3732b42a14184db8a78ac9b66ad5c3a
19060115_1-0002	en-tête image (résolution)	/Users/marcel/corpus-vt/newseye-as/img/19060115_1-0002.jpg	-
19060115_1-0003	PAGE	/Users/marcel/corpus-vt/newseye-as/xml/19060115_1-0003.xml	b09ca6d3519c3e544c4cc633d012166c3714f96bd75d69d152f81444f3c67970
19060115_1-0003	en-tête image (résolution)	/Users/marcel/corpus-vt/newseye-as/img/19060115_1-0003.jpg	-
19060115_1-0004	PAGE	/Users/marcel/corpus-vt/newseye-as/xml/19060115_1-0004.xml	fa1abf34667318a7018f4facfcffadf21625e1b2ffa7b7a1bc50e343c08f0e77
19060115_1-0004	en-tête image (résolution)	/Users/marcel/corpus-vt/newseye-as/img/19060115_1-0004.jpg	-
19060115_1-0005	PAGE	/Users/marcel/corpus-vt/newseye-as/xml/19060115_1-0005.xml	a838ee03edab5a3bbde95045153cc9f0543d721010dfdc9337130752df1cbb7b
19060115_1-0005	en-tête image (résolution)	/Users/marcel/corpus-vt/newseye-as/img/19060115_1-0005.jpg	-
19060115_1-0006	PAGE	/Users/marcel/corpus-vt/newseye-as/xml/19060115_1-0006.xml	ee0ee170256bdc6179988ced3d71925e1c697c6ba85d9dae7e203d8cf4e30e96
19060115_1-0006	en-tête image (résolution)	/Users/marcel/corpus-vt/newseye-as/img/19060115_1-0006.jpg	-
19100115_1-0001	PAGE	/Users/marcel/corpus-vt/newseye-as/xml/19100115_1-0001.xml	589bd4d1098c2775431268b66bc4b392cb1ffbbcf72f9ea42a0f0e0af028530f
19100115_1-0001	en-tête image (résolution)	/Users/marcel/corpus-vt/newseye-as/img/19100115_1-0001.jpg	-
19100115_1-0002	PAGE	/Users/marcel/corpus-vt/newseye-as/xml/19100115_1-0002.xml	9ec87dd05a70a6e7ba9e2bfe6475d3bc11c824cc8584b8942516590e4d79243f
19100115_1-0002	en-tête image (résolution)	/Users/marcel/corpus-vt/newseye-as/img/19100115_1-0002.jpg	-
19100115_1-0003	PAGE	/Users/marcel/corpus-vt/newseye-as/xml/19100115_1-0003.xml	df9a4450f135e91de5e88345650e1677aed7da8c6e519d3f0796c1897d515d34
19100115_1-0003	en-tête image (résolution)	/Users/marcel/corpus-vt/newseye-as/img/19100115_1-0003.jpg	-
19100115_1-0004	PAGE	/Users/marcel/corpus-vt/newseye-as/xml/19100115_1-0004.xml	7e71858a20d9b575e7617c6adadab69e4de1e81e5f7af090984d2ec1ed6db9f9
19100115_1-0004	en-tête image (résolution)	/Users/marcel/corpus-vt/newseye-as/img/19100115_1-0004.jpg	-
19100115_1-0005	PAGE	/Users/marcel/corpus-vt/newseye-as/xml/19100115_1-0005.xml	f986414b45c73a0ab44447596abbb0c40f1bf955b281b28ff1e450abf93e8124
19100115_1-0005	en-tête image (résolution)	/Users/marcel/corpus-vt/newseye-as/img/19100115_1-0005.jpg	-
19100115_1-0006	PAGE	/Users/marcel/corpus-vt/newseye-as/xml/19100115_1-0006.xml	bb77d7d795ef6b476367d8ade97b2940732cbabab2ff539c02478e465d4cdb4b
19100115_1-0006	en-tête image (résolution)	/Users/marcel/corpus-vt/newseye-as/img/19100115_1-0006.jpg	-
19120115_1-0001	PAGE	/Users/marcel/corpus-vt/newseye-as/xml/19120115_1-0001.xml	6b64eec1b3bac3e659d95bd0ab5ff5ee2a488750789fcfb42a5f98ac07bdde2a
19120115_1-0001	en-tête image (résolution)	/Users/marcel/corpus-vt/newseye-as/img/19120115_1-0001.jpg	-
19120115_1-0002	PAGE	/Users/marcel/corpus-vt/newseye-as/xml/19120115_1-0002.xml	a17b9f9e286a0a15d7804a71df742c8fcf0b70262acef7d7a8e37ef649f80735
19120115_1-0002	en-tête image (résolution)	/Users/marcel/corpus-vt/newseye-as/img/19120115_1-0002.jpg	-
19120115_1-0003	PAGE	/Users/marcel/corpus-vt/newseye-as/xml/19120115_1-0003.xml	ed247c02d578c6dc47886d05aff63ef450bbd2e379469c75cc2c043f0701b073
19120115_1-0003	en-tête image (résolution)	/Users/marcel/corpus-vt/newseye-as/img/19120115_1-0003.jpg	-
19120115_1-0004	PAGE	/Users/marcel/corpus-vt/newseye-as/xml/19120115_1-0004.xml	ad046e807504c361e701001435642235b15d11a85a81c5acd2608d87fcc3e1a8
19120115_1-0004	en-tête image (résolution)	/Users/marcel/corpus-vt/newseye-as/img/19120115_1-0004.jpg	-
19120115_1-0005	PAGE	/Users/marcel/corpus-vt/newseye-as/xml/19120115_1-0005.xml	e8db1f0dd4785eb772eab428c3c9edc48b440a090f3540ec56ddbe20f121b0c8
19120115_1-0005	en-tête image (résolution)	/Users/marcel/corpus-vt/newseye-as/img/19120115_1-0005.jpg	-
19120115_1-0006	PAGE	/Users/marcel/corpus-vt/newseye-as/xml/19120115_1-0006.xml	f3cc1569ca58a04dea2386f05b489f8dced34905f7370f3e141b5c9c58f6fece
19120115_1-0006	en-tête image (résolution)	/Users/marcel/corpus-vt/newseye-as/img/19120115_1-0006.jpg	-
19120115_1-0007	PAGE	/Users/marcel/corpus-vt/newseye-as/xml/19120115_1-0007.xml	c806390f9c014263539aedf621eaa9e6027af128dda39ed9bc510feab3e580da
19120115_1-0007	en-tête image (résolution)	/Users/marcel/corpus-vt/newseye-as/img/19120115_1-0007.jpg	-
19120115_1-0008	PAGE	/Users/marcel/corpus-vt/newseye-as/xml/19120115_1-0008.xml	84971606343c1c0625644e291fc9d9306f5ea0bb3444a421d39b6f4c66fd9bff
19120115_1-0008	en-tête image (résolution)	/Users/marcel/corpus-vt/newseye-as/img/19120115_1-0008.jpg	-
19140115_1-0001	PAGE	/Users/marcel/corpus-vt/newseye-as/xml/19140115_1-0001.xml	d805c77bc9ec832aba2de30541eaef5cd5066940197adb41e00e7ffa4ca9fb6e
19140115_1-0001	en-tête image (résolution)	/Users/marcel/corpus-vt/newseye-as/img/19140115_1-0001.jpg	-
19140115_1-0002	PAGE	/Users/marcel/corpus-vt/newseye-as/xml/19140115_1-0002.xml	f55db0cb7e41020c86eb3ebc8409aab84fdfb8869d78eaf41dfbaba6a85a5dbb
19140115_1-0002	en-tête image (résolution)	/Users/marcel/corpus-vt/newseye-as/img/19140115_1-0002.jpg	-
19140115_1-0003	PAGE	/Users/marcel/corpus-vt/newseye-as/xml/19140115_1-0003.xml	a04bdc6bafaed17236c4be75d4346f2bb2c1324c30f8748cc307d530af72b5f3
19140115_1-0003	en-tête image (résolution)	/Users/marcel/corpus-vt/newseye-as/img/19140115_1-0003.jpg	-
19140115_1-0004	PAGE	/Users/marcel/corpus-vt/newseye-as/xml/19140115_1-0004.xml	6895aa0a68d846ed76ab2eb70950de283e9d799c5156602075ae608980abc92e
19140115_1-0004	en-tête image (résolution)	/Users/marcel/corpus-vt/newseye-as/img/19140115_1-0004.jpg	-
19140115_1-0005	PAGE	/Users/marcel/corpus-vt/newseye-as/xml/19140115_1-0005.xml	4b81f4bd59a2acecb1a77eac81365c09b34fb937aa5d7e53fa1d31b1288ac12d
19140115_1-0005	en-tête image (résolution)	/Users/marcel/corpus-vt/newseye-as/img/19140115_1-0005.jpg	-
19140115_1-0006	PAGE	/Users/marcel/corpus-vt/newseye-as/xml/19140115_1-0006.xml	d1d0b8c9af4c2acef6c3bb9fb4fd83ae81a5c1beb1aa42e0662808d504c32173
19140115_1-0006	en-tête image (résolution)	/Users/marcel/corpus-vt/newseye-as/img/19140115_1-0006.jpg	-
19140115_1-0007	PAGE	/Users/marcel/corpus-vt/newseye-as/xml/19140115_1-0007.xml	85fd8d07f2893a3b615ef6303458b092b5ca6ebf07889be0bcae7d453011ef57
19140115_1-0007	en-tête image (résolution)	/Users/marcel/corpus-vt/newseye-as/img/19140115_1-0007.jpg	-
19140115_1-0008	PAGE	/Users/marcel/corpus-vt/newseye-as/xml/19140115_1-0008.xml	30a0ab72b53387f8481392c1cfd454a8c255f198158e9b13067d93f87178ba14
19140115_1-0008	en-tête image (résolution)	/Users/marcel/corpus-vt/newseye-as/img/19140115_1-0008.jpg	-
19150115_1-0001	PAGE	/Users/marcel/corpus-vt/newseye-as/xml/19150115_1-0001.xml	f908a84230e85f536064151926f51685e46feca724ac21ea68e3ef07c47b0e8f
19150115_1-0001	en-tête image (résolution)	/Users/marcel/corpus-vt/newseye-as/img/19150115_1-0001.jpg	-
19150115_1-0002	PAGE	/Users/marcel/corpus-vt/newseye-as/xml/19150115_1-0002.xml	37a9e127fda568907c085d69e6548a4cc8462133d2afa8d62ca73f98ffc9ec5e
19150115_1-0002	en-tête image (résolution)	/Users/marcel/corpus-vt/newseye-as/img/19150115_1-0002.jpg	-
19150115_1-0003	PAGE	/Users/marcel/corpus-vt/newseye-as/xml/19150115_1-0003.xml	ddc7767880ae9418e879211d9f569f2c68b20565b3cda5bc5a146f76f03a0852
19150115_1-0003	en-tête image (résolution)	/Users/marcel/corpus-vt/newseye-as/img/19150115_1-0003.jpg	-
19150115_1-0004	PAGE	/Users/marcel/corpus-vt/newseye-as/xml/19150115_1-0004.xml	e91cacb5af71ee36c9ecd2b35b6fa9584ace00c07caef1bb6270498bcc7e2365
19150115_1-0004	en-tête image (résolution)	/Users/marcel/corpus-vt/newseye-as/img/19150115_1-0004.jpg	-
19180115_1-0001	PAGE	/Users/marcel/corpus-vt/newseye-as/xml/19180115_1-0001.xml	5d0204308fb002908249ec69c6b2fbc9826d788faf9cf4c6820d5727d5bb9b35
19180115_1-0001	en-tête image (résolution)	/Users/marcel/corpus-vt/newseye-as/img/19180115_1-0001.jpg	-
19180115_1-0002	PAGE	/Users/marcel/corpus-vt/newseye-as/xml/19180115_1-0002.xml	2f1c09fb8449d2819444f765095dfbb0f4a1cf8de5ca750080529f295f338856
19180115_1-0002	en-tête image (résolution)	/Users/marcel/corpus-vt/newseye-as/img/19180115_1-0002.jpg	-
19180115_1-0003	PAGE	/Users/marcel/corpus-vt/newseye-as/xml/19180115_1-0003.xml	b5b3866823e893069fd0e32c3655314da28b4ba0563765b795947c1e5e8f7ef0
19180115_1-0003	en-tête image (résolution)	/Users/marcel/corpus-vt/newseye-as/img/19180115_1-0003.jpg	-
19180115_1-0004	PAGE	/Users/marcel/corpus-vt/newseye-as/xml/19180115_1-0004.xml	2d7c60916914c92fe6904fedf48166b657c61fb5eacab77c841aa758f428dd60
19180115_1-0004	en-tête image (résolution)	/Users/marcel/corpus-vt/newseye-as/img/19180115_1-0004.jpg	-
19200115_1-0001	PAGE	/Users/marcel/corpus-vt/newseye-as/xml/19200115_1-0001.xml	d160bf8929f0dd1b077574c1261418cdc28d4ae012ba171f1dd6e1de49327d02
19200115_1-0001	en-tête image (résolution)	/Users/marcel/corpus-vt/newseye-as/img/19200115_1-0001.jpg	-
19200115_1-0002	PAGE	/Users/marcel/corpus-vt/newseye-as/xml/19200115_1-0002.xml	a10870b1ab9baf310376120c0e138d4b5418a1e2c612a6abf79987fd16e079ca
19200115_1-0002	en-tête image (résolution)	/Users/marcel/corpus-vt/newseye-as/img/19200115_1-0002.jpg	-
19200115_1-0003	PAGE	/Users/marcel/corpus-vt/newseye-as/xml/19200115_1-0003.xml	c0f5e012baf194ee15b05324a713dd3567c3af552ab7be480969df38698654ae
19200115_1-0003	en-tête image (résolution)	/Users/marcel/corpus-vt/newseye-as/img/19200115_1-0003.jpg	-
19200115_1-0004	PAGE	/Users/marcel/corpus-vt/newseye-as/xml/19200115_1-0004.xml	e5897653ab81ed45aec417b0c111b8fca0423e7c707331d2124514170cc4c187
19200115_1-0004	en-tête image (résolution)	/Users/marcel/corpus-vt/newseye-as/img/19200115_1-0004.jpg	-
19220115_1-0001	PAGE	/Users/marcel/corpus-vt/newseye-as/xml/19220115_1-0001.xml	60b93633db359a1a8d638ca6bbe7f08b882c34cf268bf192abdf829cf3072a13
19220115_1-0001	en-tête image (résolution)	/Users/marcel/corpus-vt/newseye-as/img/19220115_1-0001.jpg	-
19220115_1-0002	PAGE	/Users/marcel/corpus-vt/newseye-as/xml/19220115_1-0002.xml	5fa4469bbdac070a2f95cc3002aa54c4de9edd330740790af8ead89ea482bc5d
19220115_1-0002	en-tête image (résolution)	/Users/marcel/corpus-vt/newseye-as/img/19220115_1-0002.jpg	-
19220115_1-0003	PAGE	/Users/marcel/corpus-vt/newseye-as/xml/19220115_1-0003.xml	08f14b739ebc4511c19818d59608300f9cef10c0f9eda6d2b20c2a912e5e1337
19220115_1-0003	en-tête image (résolution)	/Users/marcel/corpus-vt/newseye-as/img/19220115_1-0003.jpg	-
19220115_1-0004	PAGE	/Users/marcel/corpus-vt/newseye-as/xml/19220115_1-0004.xml	8439a352035233cc397e29069c0c74ceaa0fd7225b1e0781258836f5e1952039
19220115_1-0004	en-tête image (résolution)	/Users/marcel/corpus-vt/newseye-as/img/19220115_1-0004.jpg	-
19220115_1-0005	PAGE	/Users/marcel/corpus-vt/newseye-as/xml/19220115_1-0005.xml	e64aa6e28d2026166b0b7b7d6cefb87a924ba56e59dcc0334980e5563f420c74
19220115_1-0005	en-tête image (résolution)	/Users/marcel/corpus-vt/newseye-as/img/19220115_1-0005.jpg	-
19220115_1-0006	PAGE	/Users/marcel/corpus-vt/newseye-as/xml/19220115_1-0006.xml	38afb9c9b841cdd14e98419f66da29c0719cd9a6c2a3399409e8869830584625
19220115_1-0006	en-tête image (résolution)	/Users/marcel/corpus-vt/newseye-as/img/19220115_1-0006.jpg	-
19240115_1-0001	PAGE	/Users/marcel/corpus-vt/newseye-as/xml/19240115_1-0001.xml	7995a8a4b988d0306b108665f99dc838e24fb0f9e529a7832cd04b65d29e6575
19240115_1-0001	en-tête image (résolution)	/Users/marcel/corpus-vt/newseye-as/img/19240115_1-0001.jpg	-
19240115_1-0002	PAGE	/Users/marcel/corpus-vt/newseye-as/xml/19240115_1-0002.xml	f3522a7094af7c62560c054b402160aa1be8d2be494972b4c05ee128cba54ce1
19240115_1-0002	en-tête image (résolution)	/Users/marcel/corpus-vt/newseye-as/img/19240115_1-0002.jpg	-
19240115_1-0003	PAGE	/Users/marcel/corpus-vt/newseye-as/xml/19240115_1-0003.xml	cb3dd236845c5633a7379f6260aa2deb5725069e3437d0599d403d8587272147
19240115_1-0003	en-tête image (résolution)	/Users/marcel/corpus-vt/newseye-as/img/19240115_1-0003.jpg	-
19240115_1-0004	PAGE	/Users/marcel/corpus-vt/newseye-as/xml/19240115_1-0004.xml	75cedd3edbd5314e4fffd0fbfd86b0be958be0ec900e34a28fa02ae94b24c149
19240115_1-0004	en-tête image (résolution)	/Users/marcel/corpus-vt/newseye-as/img/19240115_1-0004.jpg	-
19240115_1-0005	PAGE	/Users/marcel/corpus-vt/newseye-as/xml/19240115_1-0005.xml	ba3f19732dd1c64bdb0df7ace16398d4456a12f6e1b3104ba8f6182cd7813a8d
19240115_1-0005	en-tête image (résolution)	/Users/marcel/corpus-vt/newseye-as/img/19240115_1-0005.jpg	-
19240115_1-0006	PAGE	/Users/marcel/corpus-vt/newseye-as/xml/19240115_1-0006.xml	808e08586382c0883d9608a1f4ef91a2af925e9e79b4f40a563e4ce58d9071c5
19240115_1-0006	en-tête image (résolution)	/Users/marcel/corpus-vt/newseye-as/img/19240115_1-0006.jpg	-
19280115_1-0001	PAGE	/Users/marcel/corpus-vt/newseye-as/xml/19280115_1-0001.xml	a33b5ebc66f2c777f725c0646200debe504823394c865a22915ca30d15a2e692
19280115_1-0001	en-tête image (résolution)	/Users/marcel/corpus-vt/newseye-as/img/19280115_1-0001.jpg	-
19280115_1-0002	PAGE	/Users/marcel/corpus-vt/newseye-as/xml/19280115_1-0002.xml	d79e362965e5a742d5cbfeee0cc3761a2edbad80a2c452ba1cc01a53155194a8
19280115_1-0002	en-tête image (résolution)	/Users/marcel/corpus-vt/newseye-as/img/19280115_1-0002.jpg	-
19280115_1-0003	PAGE	/Users/marcel/corpus-vt/newseye-as/xml/19280115_1-0003.xml	04d32be1f07000e8efdd66376c7ccfececde25ee4d2546cd492821c9d8f036ec
19280115_1-0003	en-tête image (résolution)	/Users/marcel/corpus-vt/newseye-as/img/19280115_1-0003.jpg	-
19280115_1-0004	PAGE	/Users/marcel/corpus-vt/newseye-as/xml/19280115_1-0004.xml	658557473de77630b64011d035b13b3981e3f5a7cd15d8fe61201f1e024831b8
19280115_1-0004	en-tête image (résolution)	/Users/marcel/corpus-vt/newseye-as/img/19280115_1-0004.jpg	-
19280115_1-0005	PAGE	/Users/marcel/corpus-vt/newseye-as/xml/19280115_1-0005.xml	67dc90b5cf2ffae4955baa295f7991045a169dee3656c4fac96860d10061550d
19280115_1-0005	en-tête image (résolution)	/Users/marcel/corpus-vt/newseye-as/img/19280115_1-0005.jpg	-
19280115_1-0006	PAGE	/Users/marcel/corpus-vt/newseye-as/xml/19280115_1-0006.xml	83e2881be3edfa8ba18b82e56f66d9a6dfadb8b1b4956f066c144d9ae507a20b
19280115_1-0006	en-tête image (résolution)	/Users/marcel/corpus-vt/newseye-as/img/19280115_1-0006.jpg	-
19300115_1-0001	PAGE	/Users/marcel/corpus-vt/newseye-as/xml/19300115_1-0001.xml	8fc638f2db805ec3d35b3a25a854e9162bcfd1c323c4db716baadfd0d8b9f6eb
19300115_1-0001	en-tête image (résolution)	/Users/marcel/corpus-vt/newseye-as/img/19300115_1-0001.jpg	-
19300115_1-0002	PAGE	/Users/marcel/corpus-vt/newseye-as/xml/19300115_1-0002.xml	4be8928bcab38905e72f1e5767aa7ebc229a9bc29f2f1733807b04ccdbfe0196
19300115_1-0002	en-tête image (résolution)	/Users/marcel/corpus-vt/newseye-as/img/19300115_1-0002.jpg	-
19300115_1-0003	PAGE	/Users/marcel/corpus-vt/newseye-as/xml/19300115_1-0003.xml	f2dcca58ed318f7bb59aef98b66e989e828dfbc1e457aa0c98887d6b75b617eb
19300115_1-0003	en-tête image (résolution)	/Users/marcel/corpus-vt/newseye-as/img/19300115_1-0003.jpg	-
19300115_1-0004	PAGE	/Users/marcel/corpus-vt/newseye-as/xml/19300115_1-0004.xml	d1268914179498182a1645e09f5135e58f0233d7cc1defc4223f93099b7e1654
19300115_1-0004	en-tête image (résolution)	/Users/marcel/corpus-vt/newseye-as/img/19300115_1-0004.jpg	-
19300115_1-0005	PAGE	/Users/marcel/corpus-vt/newseye-as/xml/19300115_1-0005.xml	d27f4e7881b70140ba1d321ed4b7bb3c7962564a1af389d07717f911db02f557
19300115_1-0005	en-tête image (résolution)	/Users/marcel/corpus-vt/newseye-as/img/19300115_1-0005.jpg	-
19300115_1-0006	PAGE	/Users/marcel/corpus-vt/newseye-as/xml/19300115_1-0006.xml	97ac8457a72354e27d2975106f9729200cb854bdfaeedb807ac277f10907be8b
19300115_1-0006	en-tête image (résolution)	/Users/marcel/corpus-vt/newseye-as/img/19300115_1-0006.jpg	-
19300115_1-0007	PAGE	/Users/marcel/corpus-vt/newseye-as/xml/19300115_1-0007.xml	806dd5e9dfe3264f9beb1057c288df6d967a32688b15027c0705ea1a803cf9f8
19300115_1-0007	en-tête image (résolution)	/Users/marcel/corpus-vt/newseye-as/img/19300115_1-0007.jpg	-
19300115_1-0008	PAGE	/Users/marcel/corpus-vt/newseye-as/xml/19300115_1-0008.xml	bfa946cfa4e01073a258d99dc4d99ee1158dccebc70aeee9a692e32a879b171a
19300115_1-0008	en-tête image (résolution)	/Users/marcel/corpus-vt/newseye-as/img/19300115_1-0008.jpg	-
read_0250199-004	PAGE	/Users/marcel/corpus-vt/newseye-read/ATR_TrainingSet_BnF_Newseye_M2+/0250199-004.xml	e887ab7136d0ad9ab419fa23b12a77b2611cee45b7516023f4df00fc002aacd2
read_0250199-004	en-tête image (résolution)	/Users/marcel/corpus-vt/newseye-read/ATR_TrainingSet_BnF_Newseye_M2+/0250199-004.tif	-
read_0400970-001	PAGE	/Users/marcel/corpus-vt/newseye-read/ATR_TrainingSet_BnF_Newseye_M2+/0400970-001.xml	9e34ad86906797feab787f5b51749227a518efbe4f404eb86f736f95344f9d51
read_0400970-001	en-tête image (résolution)	/Users/marcel/corpus-vt/newseye-read/ATR_TrainingSet_BnF_Newseye_M2+/0400970-001.tif	-
read_0400970-002	PAGE	/Users/marcel/corpus-vt/newseye-read/ATR_TrainingSet_BnF_Newseye_M2+/0400970-002.xml	ff46c56909ba3245eed67818061825fb62be2a4dc13bdfbf6f44669ccffe4c88
read_0400970-002	en-tête image (résolution)	/Users/marcel/corpus-vt/newseye-read/ATR_TrainingSet_BnF_Newseye_M2+/0400970-002.tif	-
read_0400970-003	PAGE	/Users/marcel/corpus-vt/newseye-read/ATR_TrainingSet_BnF_Newseye_M2+/0400970-003.xml	25b5e7ce762c258373a3a568454d8319d129da2010e51b38d833077e92b74cca
read_0400970-003	en-tête image (résolution)	/Users/marcel/corpus-vt/newseye-read/ATR_TrainingSet_BnF_Newseye_M2+/0400970-003.tif	-
read_0400970-004	PAGE	/Users/marcel/corpus-vt/newseye-read/ATR_TrainingSet_BnF_Newseye_M2+/0400970-004.xml	dd7484a2ab1d84353ef1d3c99c76c361c114c7075ba28687851cdcaac65d4691
read_0400970-004	en-tête image (résolution)	/Users/marcel/corpus-vt/newseye-read/ATR_TrainingSet_BnF_Newseye_M2+/0400970-004.tif	-
read_0400970-005	PAGE	/Users/marcel/corpus-vt/newseye-read/ATR_TrainingSet_BnF_Newseye_M2+/0400970-005.xml	6ae73c1d86b0ab3e88d9d51510768ce37b3ce7f6aecc57e19a2b75a97de6538f
read_0400970-005	en-tête image (résolution)	/Users/marcel/corpus-vt/newseye-read/ATR_TrainingSet_BnF_Newseye_M2+/0400970-005.tif	-
read_0400970-006	PAGE	/Users/marcel/corpus-vt/newseye-read/ATR_TrainingSet_BnF_Newseye_M2+/0400970-006.xml	0627a271c4d9bf92751d1efd9347442a9d0a0eeb81ef2e493d8a757969ef408f
read_0400970-006	en-tête image (résolution)	/Users/marcel/corpus-vt/newseye-read/ATR_TrainingSet_BnF_Newseye_M2+/0400970-006.tif	-
read_0407915-006	PAGE	/Users/marcel/corpus-vt/newseye-read/ATR_TrainingSet_BnF_Newseye_M2+/0407915-006.xml	0d20a100b26743798151352c7b3b34c5aa7b1fbccc882e438eae671557437182
read_0407915-006	en-tête image (résolution)	/Users/marcel/corpus-vt/newseye-read/ATR_TrainingSet_BnF_Newseye_M2+/0407915-006.tif	-
read_438752-001	PAGE	/Users/marcel/corpus-vt/newseye-read/ATR_TrainingSet_BnF_Newseye_M2+/438752-001.xml	7e624eadbc90726df30286acf17740ce327804f4f13578e8f0be522fc6752cfe
read_438752-001	en-tête image (résolution)	/Users/marcel/corpus-vt/newseye-read/ATR_TrainingSet_BnF_Newseye_M2+/438752-001.tif	-
read_6390977-001	PAGE	/Users/marcel/corpus-vt/newseye-read/ATR_TrainingSet_BnF_Newseye_M2+/6390977-001.xml	9131d431d762713e701b6b9081efddd7c6deddf5d583cab9166c9d937d21046d
read_6390977-001	en-tête image (résolution)	/Users/marcel/corpus-vt/newseye-read/ATR_TrainingSet_BnF_Newseye_M2+/6390977-001.tif	-
read_752214-001	PAGE	/Users/marcel/corpus-vt/newseye-read/ATR_TrainingSet_BnF_Newseye_M2+/752214-001.xml	44383da17c9d0795b6cd7dcc684feef559932fdecd7e58d4e2cfb3b2ddb4acb8
read_752214-001	en-tête image (résolution)	/Users/marcel/corpus-vt/newseye-read/ATR_TrainingSet_BnF_Newseye_M2+/752214-001.tif	-
read_752214-002	PAGE	/Users/marcel/corpus-vt/newseye-read/ATR_TrainingSet_BnF_Newseye_M2+/752214-002.xml	4458207c078a7b749c2e4ee899afc49fbe32faa766ec28d435561472bf3e5618
read_752214-002	en-tête image (résolution)	/Users/marcel/corpus-vt/newseye-read/ATR_TrainingSet_BnF_Newseye_M2+/752214-002.tif	-
read_752214-003	PAGE	/Users/marcel/corpus-vt/newseye-read/ATR_TrainingSet_BnF_Newseye_M2+/752214-003.xml	5c48cca6b8be944df7ce852b28664e88d0615e12e8449c374c2d4b4b4aec7458
read_752214-003	en-tête image (résolution)	/Users/marcel/corpus-vt/newseye-read/ATR_TrainingSet_BnF_Newseye_M2+/752214-003.tif	-
read_752214-004	PAGE	/Users/marcel/corpus-vt/newseye-read/ATR_TrainingSet_BnF_Newseye_M2+/752214-004.xml	987447ae78a969d8606f7db16cf59c90bf268df0b01caff110e4da8becba0927
read_752214-004	en-tête image (résolution)	/Users/marcel/corpus-vt/newseye-read/ATR_TrainingSet_BnF_Newseye_M2+/752214-004.tif	-
read_752262-001	PAGE	/Users/marcel/corpus-vt/newseye-read/ATR_TrainingSet_BnF_Newseye_M2+/752262-001.xml	d798a533f279b6862e7aa0d03054acca403a7534b282a4f1cce0338ebc814805
read_752262-001	en-tête image (résolution)	/Users/marcel/corpus-vt/newseye-read/ATR_TrainingSet_BnF_Newseye_M2+/752262-001.tif	-
read_752262-002	PAGE	/Users/marcel/corpus-vt/newseye-read/ATR_TrainingSet_BnF_Newseye_M2+/752262-002.xml	e0107fea5c3dd21d8472d653cf74e3adf51a505583bb00ac2479ffcc1ef99ae8
read_752262-002	en-tête image (résolution)	/Users/marcel/corpus-vt/newseye-read/ATR_TrainingSet_BnF_Newseye_M2+/752262-002.tif	-
read_752262-003	PAGE	/Users/marcel/corpus-vt/newseye-read/ATR_TrainingSet_BnF_Newseye_M2+/752262-003.xml	7e0b8b8c6ac941ee8417319d55db9e7174e46ed427bc9ab41d914809a8a39b0c
read_752262-003	en-tête image (résolution)	/Users/marcel/corpus-vt/newseye-read/ATR_TrainingSet_BnF_Newseye_M2+/752262-003.tif	-
read_752262-004	PAGE	/Users/marcel/corpus-vt/newseye-read/ATR_TrainingSet_BnF_Newseye_M2+/752262-004.xml	0fab8c21a56675251d279b1766720ec73681e8c07330f0990e68bea21e1bbf77
read_752262-004	en-tête image (résolution)	/Users/marcel/corpus-vt/newseye-read/ATR_TrainingSet_BnF_Newseye_M2+/752262-004.tif	-
read_L_OEuvre_4613537_T0000001	PAGE	/Users/marcel/corpus-vt/newseye-read/ATR_TrainingSet_BnF_Newseye_M2+/L_OEuvre_4613537_T0000001.xml	ae79d4465e24e35a3393042d8bbf22933c4567c69893d2e47a5757a10b444492
read_L_OEuvre_4613537_T0000001	en-tête image (résolution)	/Users/marcel/corpus-vt/newseye-read/ATR_TrainingSet_BnF_Newseye_M2+/L_OEuvre_4613537_T0000001.jpg	-
read_L_OEuvre_4613814_T0000002	PAGE	/Users/marcel/corpus-vt/newseye-read/ATR_TrainingSet_BnF_Newseye_M2+/L_OEuvre_4613814_T0000002.xml	936539113103e6f83c8b34a5a2c5ba49de5cda120fbd139f73ee25219f143526
read_L_OEuvre_4613814_T0000002	en-tête image (résolution)	/Users/marcel/corpus-vt/newseye-read/ATR_TrainingSet_BnF_Newseye_M2+/L_OEuvre_4613814_T0000002.jpg	-
read_L_OEuvre_4615451_T0000001	PAGE	/Users/marcel/corpus-vt/newseye-read/ATR_TrainingSet_BnF_Newseye_M2+/L_OEuvre_4615451_T0000001.xml	5c19aeef9a4a7a966c2b74b3c57b2d437de26008d85fa0f198c6b3f08cde95cc
read_L_OEuvre_4615451_T0000001	en-tête image (résolution)	/Users/marcel/corpus-vt/newseye-read/ATR_TrainingSet_BnF_Newseye_M2+/L_OEuvre_4615451_T0000001.jpg	-
read_L_OEuvre_4616168_T0000002	PAGE	/Users/marcel/corpus-vt/newseye-read/ATR_TrainingSet_BnF_Newseye_M2+/L_OEuvre_4616168_T0000002.xml	95daf6a97ce8fbedac71629d58188ffe385c907502dbc49c82a2ae03f1a84c02
read_L_OEuvre_4616168_T0000002	en-tête image (résolution)	/Users/marcel/corpus-vt/newseye-read/ATR_TrainingSet_BnF_Newseye_M2+/L_OEuvre_4616168_T0000002.jpg	-
read_L_OEuvre_4617562_T0000007	PAGE	/Users/marcel/corpus-vt/newseye-read/ATR_TrainingSet_BnF_Newseye_M2+/L_OEuvre_4617562_T0000007.xml	f966a197203ccfdb08bbdf9498c7c9814c68c9c83a739e2f58cefe900acb5c0c
read_L_OEuvre_4617562_T0000007	en-tête image (résolution)	/Users/marcel/corpus-vt/newseye-read/ATR_TrainingSet_BnF_Newseye_M2+/L_OEuvre_4617562_T0000007.jpg	-
read_L_OEuvre_4620081_T0000004	PAGE	/Users/marcel/corpus-vt/newseye-read/ATR_TrainingSet_BnF_Newseye_M2+/L_OEuvre_4620081_T0000004.xml	a31c4027a39645cc2ee7e6e5c6801314067fe43f79c932f53bdf8249c681d30c
read_L_OEuvre_4620081_T0000004	en-tête image (résolution)	/Users/marcel/corpus-vt/newseye-read/ATR_TrainingSet_BnF_Newseye_M2+/L_OEuvre_4620081_T0000004.jpg	-
read_L_OEuvre_4621234_T0000001	PAGE	/Users/marcel/corpus-vt/newseye-read/ATR_TrainingSet_BnF_Newseye_M2+/L_OEuvre_4621234_T0000001.xml	0d8fcda735536a2aac9ae1883b554c9c6116e01f044905694e2687ba98424633
read_L_OEuvre_4621234_T0000001	en-tête image (résolution)	/Users/marcel/corpus-vt/newseye-read/ATR_TrainingSet_BnF_Newseye_M2+/L_OEuvre_4621234_T0000001.jpg	-
read_L_OEuvre_4621234_T0000010	PAGE	/Users/marcel/corpus-vt/newseye-read/ATR_TrainingSet_BnF_Newseye_M2+/L_OEuvre_4621234_T0000010.xml	74eb51e7ab269448a41d37fc594ea1761018bc7dcb0fa9ce448fd67f6633ff50
read_L_OEuvre_4621234_T0000010	en-tête image (résolution)	/Users/marcel/corpus-vt/newseye-read/ATR_TrainingSet_BnF_Newseye_M2+/L_OEuvre_4621234_T0000010.jpg	-
read_La_Fronde_6704254_T0000002	PAGE	/Users/marcel/corpus-vt/newseye-read/ATR_TrainingSet_BnF_Newseye_M2+/La_Fronde_6704254_T0000002.xml	f2fea945a943a923bb42f1c2962e855fd69413cd4a26119630ddb8c69c0f5875
read_La_Fronde_6704254_T0000002	en-tête image (résolution)	/Users/marcel/corpus-vt/newseye-read/ATR_TrainingSet_BnF_Newseye_M2+/La_Fronde_6704254_T0000002.jpg	-
read_La_Presse_0476474_T0000001	PAGE	/Users/marcel/corpus-vt/newseye-read/ATR_TrainingSet_BnF_Newseye_M2+/La_Presse_0476474_T0000001.xml	9615c922b8fa1fc2672b21d0ff52fb6e94e49f6ca01dae3b7f1e3852297f5d8e
read_La_Presse_0476474_T0000001	en-tête image (résolution)	/Users/marcel/corpus-vt/newseye-read/ATR_TrainingSet_BnF_Newseye_M2+/La_Presse_0476474_T0000001.jpg	-
read_La_Presse_0477885_T0000002	PAGE	/Users/marcel/corpus-vt/newseye-read/ATR_TrainingSet_BnF_Newseye_M2+/La_Presse_0477885_T0000002.xml	b95261a2e292d95f630f7ea5a1a8ba58cf2730c9a928f75cd323c3267e167798
read_La_Presse_0477885_T0000002	en-tête image (résolution)	/Users/marcel/corpus-vt/newseye-read/ATR_TrainingSet_BnF_Newseye_M2+/La_Presse_0477885_T0000002.jpg	-
read_La_Presse_0514199_T0000004	PAGE	/Users/marcel/corpus-vt/newseye-read/ATR_TrainingSet_BnF_Newseye_M2+/La_Presse_0514199_T0000004.xml	f0ad64d5d1deabde7396749e9c2611a4ed42973e53fd52e0e5fb657e1eab1027
read_La_Presse_0514199_T0000004	en-tête image (résolution)	/Users/marcel/corpus-vt/newseye-read/ATR_TrainingSet_BnF_Newseye_M2+/La_Presse_0514199_T0000004.jpg	-
read_La_Presse_0542128_T0000001	PAGE	/Users/marcel/corpus-vt/newseye-read/ATR_TrainingSet_BnF_Newseye_M2+/La_Presse_0542128_T0000001.xml	9fed6eb5272803f75ae4b923a647d69294b9e71a93b9d7e61b62097a30d1ea96
read_La_Presse_0542128_T0000001	en-tête image (résolution)	/Users/marcel/corpus-vt/newseye-read/ATR_TrainingSet_BnF_Newseye_M2+/La_Presse_0542128_T0000001.jpg	-
read_La_Presse_0543209_T0000001	PAGE	/Users/marcel/corpus-vt/newseye-read/ATR_TrainingSet_BnF_Newseye_M2+/La_Presse_0543209_T0000001.xml	85b8443d5a68f6672e640adc67067e6fbf5236b0d8a319b3d47b474779102a37
read_La_Presse_0543209_T0000001	en-tête image (résolution)	/Users/marcel/corpus-vt/newseye-read/ATR_TrainingSet_BnF_Newseye_M2+/La_Presse_0543209_T0000001.jpg	-
read_La_Presse_0545076_T0000002	PAGE	/Users/marcel/corpus-vt/newseye-read/ATR_TrainingSet_BnF_Newseye_M2+/La_Presse_0545076_T0000002.xml	a80ee650af0288ae80bfb2e62a1816f1cd9024b0fcf70fb285b119d706ba0836
read_La_Presse_0545076_T0000002	en-tête image (résolution)	/Users/marcel/corpus-vt/newseye-read/ATR_TrainingSet_BnF_Newseye_M2+/La_Presse_0545076_T0000002.jpg	-
read_Le_Matin_0551841_T0000003	PAGE	/Users/marcel/corpus-vt/newseye-read/ATR_TrainingSet_BnF_Newseye_M2+/Le_Matin_0551841_T0000003.xml	1406987bf62913073a01e154ba254621ebdb64290cc3d68ab26d1ba9b91f88ef
read_Le_Matin_0551841_T0000003	en-tête image (résolution)	/Users/marcel/corpus-vt/newseye-read/ATR_TrainingSet_BnF_Newseye_M2+/Le_Matin_0551841_T0000003.jpg	-
read_Le_Matin_0554721_T0000004	PAGE	/Users/marcel/corpus-vt/newseye-read/ATR_TrainingSet_BnF_Newseye_M2+/Le_Matin_0554721_T0000004.xml	9e2359e1e5eadbd544b5e04ae45ab36aa5566134ff774cb6f9636bc5ad22da7b
read_Le_Matin_0554721_T0000004	en-tête image (résolution)	/Users/marcel/corpus-vt/newseye-read/ATR_TrainingSet_BnF_Newseye_M2+/Le_Matin_0554721_T0000004.jpg	-
read_Le_Matin_0558051_T0000005	PAGE	/Users/marcel/corpus-vt/newseye-read/ATR_TrainingSet_BnF_Newseye_M2+/Le_Matin_0558051_T0000005.xml	9096832a53a167edaa68a7ea596f7a74d95935e2a11f1cab7c5a6718047ca713
read_Le_Matin_0558051_T0000005	en-tête image (résolution)	/Users/marcel/corpus-vt/newseye-read/ATR_TrainingSet_BnF_Newseye_M2+/Le_Matin_0558051_T0000005.jpg	-
read_Le_Matin_0569308_T0000002	PAGE	/Users/marcel/corpus-vt/newseye-read/ATR_TrainingSet_BnF_Newseye_M2+/Le_Matin_0569308_T0000002.xml	1dec586f6079e1f8b4115d928a5fc2e613a409c732479cf4c78030e1f745c3dc
read_Le_Matin_0569308_T0000002	en-tête image (résolution)	/Users/marcel/corpus-vt/newseye-read/ATR_TrainingSet_BnF_Newseye_M2+/Le_Matin_0569308_T0000002.jpg	-
read_Le_Matin_0574578_T0000002	PAGE	/Users/marcel/corpus-vt/newseye-read/ATR_TrainingSet_BnF_Newseye_M2+/Le_Matin_0574578_T0000002.xml	87b97ad38825788c241595233b52e9c6264b358e6e68d05f1fd32b8fa6f218e1
read_Le_Matin_0574578_T0000002	en-tête image (résolution)	/Users/marcel/corpus-vt/newseye-read/ATR_TrainingSet_BnF_Newseye_M2+/Le_Matin_0574578_T0000002.jpg	-
read_Le_Matin_0576768_T0000002	PAGE	/Users/marcel/corpus-vt/newseye-read/ATR_TrainingSet_BnF_Newseye_M2+/Le_Matin_0576768_T0000002.xml	9dc86342f3827fa407e867f5667c137aa4b1c8390a358d8e7d2f413bea1f4555
read_Le_Matin_0576768_T0000002	en-tête image (résolution)	/Users/marcel/corpus-vt/newseye-read/ATR_TrainingSet_BnF_Newseye_M2+/Le_Matin_0576768_T0000002.jpg	-
read_Le_Matin_0576768_T0000006	PAGE	/Users/marcel/corpus-vt/newseye-read/ATR_TrainingSet_BnF_Newseye_M2+/Le_Matin_0576768_T0000006.xml	eaea7a83daf30a6c79575ed1c96b6dab7b12f45d7e4f1128ae55957fda1b6618
read_Le_Matin_0576768_T0000006	en-tête image (résolution)	/Users/marcel/corpus-vt/newseye-read/ATR_TrainingSet_BnF_Newseye_M2+/Le_Matin_0576768_T0000006.jpg	-
read_Le_Matin_0586574_T0000003	PAGE	/Users/marcel/corpus-vt/newseye-read/ATR_TrainingSet_BnF_Newseye_M2+/Le_Matin_0586574_T0000003.xml	15c3e7dc33df6642ab063cf48de46d60f1e448e1b31d822d9a31bc3014568034
read_Le_Matin_0586574_T0000003	en-tête image (résolution)	/Users/marcel/corpus-vt/newseye-read/ATR_TrainingSet_BnF_Newseye_M2+/Le_Matin_0586574_T0000003.jpg	-
read_Marie-Claire_4613173_T0000004	PAGE	/Users/marcel/corpus-vt/newseye-read/ATR_TrainingSet_BnF_Newseye_M2+/Marie-Claire_4613173_T0000004.xml	cb5b8eda17157c461bb0528dbceacebe8e88d0580753054ccfc661e89e271157
read_Marie-Claire_4613173_T0000004	en-tête image (résolution)	/Users/marcel/corpus-vt/newseye-read/ATR_TrainingSet_BnF_Newseye_M2+/Marie-Claire_4613173_T0000004.jpg	-
read_Marie-Claire_4621234_T0000002	PAGE	/Users/marcel/corpus-vt/newseye-read/ATR_TrainingSet_BnF_Newseye_M2+/Marie-Claire_4621234_T0000002.xml	07b91b80cd022d00d04b4276cd6b4462255eb66fe604cf2e05610ef5f6f5031f
read_Marie-Claire_4621234_T0000002	en-tête image (résolution)	/Users/marcel/corpus-vt/newseye-read/ATR_TrainingSet_BnF_Newseye_M2+/Marie-Claire_4621234_T0000002.jpg	-
read_Marie-Claire_4621234_T0000008	PAGE	/Users/marcel/corpus-vt/newseye-read/ATR_TrainingSet_BnF_Newseye_M2+/Marie-Claire_4621234_T0000008.xml	ae494ac66e540ca79c44f6c3b9236d0ece8a963c2bed6a076c5b347de4774c81
read_Marie-Claire_4621234_T0000008	en-tête image (résolution)	/Users/marcel/corpus-vt/newseye-read/ATR_TrainingSet_BnF_Newseye_M2+/Marie-Claire_4621234_T0000008.jpg	-
bnf_877920-001	PAGE	/Users/marcel/corpus-vt/bnf-presse-seg/PRESSE/COUL/P/877920-001.xml	5ad11ea57c32e2856ec3b88fbe65435a0f9c3e9dc9b78e51f25d1a3707648892
bnf_877920-002	PAGE	/Users/marcel/corpus-vt/bnf-presse-seg/PRESSE/COUL/P/877920-002.xml	241188d279fb1e05b8648047b43796d48dcbed72545337c2e32c51cde0f40115
bnf_9600017-001	PAGE	/Users/marcel/corpus-vt/bnf-presse-seg/PRESSE/COUL/P/9600017-001.xml	0e6b7a183a261869983f4a3e4e445bf68ac318270ffddff50d3f37e793d55105
bnf_9600017-004	PAGE	/Users/marcel/corpus-vt/bnf-presse-seg/PRESSE/COUL/P/9600017-004.xml	fc76873b69d7eaf91d442a333fa31c2c43f22a6b9e2ce2d4224fdbbb6e256228
bnf_0250199-004	PAGE	/Users/marcel/corpus-vt/bnf-presse-seg/PRESSE/GRIS/P/0250199-004.xml	d36b3433ccc6380cedc9c7cd0f4fce02fec487aae18945908ed3dbbdcbb4642a
bnf_0400970-001	PAGE	/Users/marcel/corpus-vt/bnf-presse-seg/PRESSE/GRIS/P/0400970-001.xml	72d890186d3fb16b10320bcf6275a2f06af7b4989464339f8a9ad86f1c60deea
bnf_0400970-002	PAGE	/Users/marcel/corpus-vt/bnf-presse-seg/PRESSE/GRIS/P/0400970-002.xml	b2fbc0a1d503c61332acbd2d924e1d4751ab85a073b87d32af6fa58f5400ee47
bnf_0400970-003	PAGE	/Users/marcel/corpus-vt/bnf-presse-seg/PRESSE/GRIS/P/0400970-003.xml	8832f5b23c50b07f982771a1804da26f198baf435683e24155c111ca59191850
bnf_0400970-004	PAGE	/Users/marcel/corpus-vt/bnf-presse-seg/PRESSE/GRIS/P/0400970-004.xml	1687e99381e748c4bbf67ef8235138809a33b6af68d3ad431293e31e36d7a0fe
bnf_0400970-005	PAGE	/Users/marcel/corpus-vt/bnf-presse-seg/PRESSE/GRIS/P/0400970-005.xml	dd7074e2e1d934d0fb11376e7c19809142eec381cd8bd3bd8c13d90c9820008b
bnf_0400970-006	PAGE	/Users/marcel/corpus-vt/bnf-presse-seg/PRESSE/GRIS/P/0400970-006.xml	801597486f72bebde7ecd395685858d991215df2d41da9f2f6665310dc98efe5
bnf_0407915-006	PAGE	/Users/marcel/corpus-vt/bnf-presse-seg/PRESSE/GRIS/P/0407915-006.xml	3adb4acb3d2c615d61239d559d68e616c16c0cfd57e346a2d709a6f0d498f6ec
bnf_220169-001	PAGE	/Users/marcel/corpus-vt/bnf-presse-seg/PRESSE/GRIS/P/220169-001.xml	4e039bee3f8cf865228be7b72d39415032fdb410f5495770ff51d9fc27cc2150
bnf_220169-002	PAGE	/Users/marcel/corpus-vt/bnf-presse-seg/PRESSE/GRIS/P/220169-002.xml	392eaaa23834731f28fd640559847ac5552515941d49d9d9bb48881d82137a0e
bnf_220169-003	PAGE	/Users/marcel/corpus-vt/bnf-presse-seg/PRESSE/GRIS/P/220169-003.xml	f513341aaa331ae380fd9a794213dcec7e03c67e82b8e307dcddc2f9f9403ecb
bnf_220169-004	PAGE	/Users/marcel/corpus-vt/bnf-presse-seg/PRESSE/GRIS/P/220169-004.xml	b9d87800d4cbe1edd0aa5108c8e4dffc9f92074c0091bae1491809faaed232b5
bnf_224112	PAGE	/Users/marcel/corpus-vt/bnf-presse-seg/PRESSE/GRIS/P/224112.xml	2f7358c185982e3dbc375552b27a2618b15d4b1dc43f8addffb4ac8f28cf2fa0
bnf_268517	PAGE	/Users/marcel/corpus-vt/bnf-presse-seg/PRESSE/GRIS/P/268517.xml	ac909d34eba900645f7609c5a8298e6e1701d26af6eceb69a6a20f3e81c97a66
bnf_281805	PAGE	/Users/marcel/corpus-vt/bnf-presse-seg/PRESSE/GRIS/P/281805.xml	398e52ac95d1594379caffe2364a97bf40b128b1774f94ed7b6e4c0e2551b0d1
bnf_281886-01	PAGE	/Users/marcel/corpus-vt/bnf-presse-seg/PRESSE/GRIS/P/281886-01.xml	3b779f763719bd1ae59ea3e1ed4aa367ef978109b8324513df2d160b209c3cf9
bnf_281886-02	PAGE	/Users/marcel/corpus-vt/bnf-presse-seg/PRESSE/GRIS/P/281886-02.xml	a69769e73a3261903e0b098e30c442a02a8f1e9919cefb297d00cfe26804771c
bnf_296011	PAGE	/Users/marcel/corpus-vt/bnf-presse-seg/PRESSE/GRIS/P/296011.xml	69dd414a313e86509f4056834969cf8f5065a6efc681f40ffdbe39ec05f464c1
bnf_438752-001	PAGE	/Users/marcel/corpus-vt/bnf-presse-seg/PRESSE/GRIS/P/438752-001.xml	452c764e5f3af8fee91619581bb0da3922234b1cb2866702e3f43820269243e8
bnf_470117	PAGE	/Users/marcel/corpus-vt/bnf-presse-seg/PRESSE/GRIS/P/470117.xml	370381319b868abe85b5254c870b6d247ec6d78d02e7bddc5b1abeafb5bf8233
bnf_471830	PAGE	/Users/marcel/corpus-vt/bnf-presse-seg/PRESSE/GRIS/P/471830.xml	e77084f7050c51b26f3c3c5abd007d01d60f8b5d8e4e730c1c6b24e39478b8c6
bnf_502978	PAGE	/Users/marcel/corpus-vt/bnf-presse-seg/PRESSE/GRIS/P/502978.xml	57bb3d6c0f980d808b621d902a28595824155dd3972c8422c17e87e71182a5d0
bnf_517311-001	PAGE	/Users/marcel/corpus-vt/bnf-presse-seg/PRESSE/GRIS/P/517311-001.xml	fb41b900adc47c10cec36991f88c2e69147a9e15fc853546124ee79c6661a2bb
bnf_517311-002	PAGE	/Users/marcel/corpus-vt/bnf-presse-seg/PRESSE/GRIS/P/517311-002.xml	2fbdd5df49aea5d7d7648ac2e51cd9d2ab354eee1ba7827ca725e0636506250d
bnf_517311-003	PAGE	/Users/marcel/corpus-vt/bnf-presse-seg/PRESSE/GRIS/P/517311-003.xml	4364877f8e46a3d0470b6f05245abf1bf9a4e0a4a25ef97f5069f92f3aba5e97
bnf_517311-004	PAGE	/Users/marcel/corpus-vt/bnf-presse-seg/PRESSE/GRIS/P/517311-004.xml	99efbdedf546f147709ac7d7eb941c2f04e626139dba47764ea191a727dc5bae
bnf_587611	PAGE	/Users/marcel/corpus-vt/bnf-presse-seg/PRESSE/GRIS/P/587611.xml	9ba40b9bb2724d00d34e7a7813bca6853ff1cce0c459a19c779095e768b99765
bnf_626622-001	PAGE	/Users/marcel/corpus-vt/bnf-presse-seg/PRESSE/GRIS/P/626622-001.xml	a1993939c0849be320a4e87fc1ac3d738028834d0ad9b3c526111891fc1d3ccb
bnf_626622-002	PAGE	/Users/marcel/corpus-vt/bnf-presse-seg/PRESSE/GRIS/P/626622-002.xml	69bcbf13678aa6d1c76d2edb696c1d8359b3b0b3cd50522022695c93aff0d87a
bnf_626995	PAGE	/Users/marcel/corpus-vt/bnf-presse-seg/PRESSE/GRIS/P/626995.xml	2506d42f2271b632eab2aec7774e20e7d6c2a841d70ae8b14d8a78ed5b28ace9
bnf_6390977-001	PAGE	/Users/marcel/corpus-vt/bnf-presse-seg/PRESSE/GRIS/P/6390977-001.xml	781bcf55c31bf64655e4a394966758f297ebd0d42f1053395e33926f0d46cfd9
bnf_731539-001	PAGE	/Users/marcel/corpus-vt/bnf-presse-seg/PRESSE/GRIS/P/731539-001.xml	0a0f9247b6913b397f0303d0fc37a1bdb3613f52b03e74c252dba4bed9202c4c
bnf_731539-002	PAGE	/Users/marcel/corpus-vt/bnf-presse-seg/PRESSE/GRIS/P/731539-002.xml	8b335bdf1748f500926a2cfc0a83fafa7eb3316e6a4974b07940b29a679b6f9a
bnf_731539-003	PAGE	/Users/marcel/corpus-vt/bnf-presse-seg/PRESSE/GRIS/P/731539-003.xml	d312d519907e177de83a7268d350e920777ce602cdc102a77d22dd34fd28458e
bnf_731539-004	PAGE	/Users/marcel/corpus-vt/bnf-presse-seg/PRESSE/GRIS/P/731539-004.xml	5d26c785a82db67dd92fe78476eeed5fc818c798691e66e514a8dfd0865353e8
bnf_752214-001	PAGE	/Users/marcel/corpus-vt/bnf-presse-seg/PRESSE/GRIS/P/752214-001.xml	279f16e1d9090cd7f9639635aa111898e6363f949391d4697477855b54050168
bnf_752214-002	PAGE	/Users/marcel/corpus-vt/bnf-presse-seg/PRESSE/GRIS/P/752214-002.xml	72b946ef4a36bf372b891b5af19e26022a9ea94b08ab27b3ace873d8712d4105
bnf_752214-003	PAGE	/Users/marcel/corpus-vt/bnf-presse-seg/PRESSE/GRIS/P/752214-003.xml	ed8ce52a1414fccc800e27da04df6128d4f954ece269c7a022f5bf8810dbaae3
bnf_752214-004	PAGE	/Users/marcel/corpus-vt/bnf-presse-seg/PRESSE/GRIS/P/752214-004.xml	ca4c83a76644ca9d885e81fcf934e11a7fadb12fd94bdc924a495f2fbf8a73b1
bnf_752262-001	PAGE	/Users/marcel/corpus-vt/bnf-presse-seg/PRESSE/GRIS/P/752262-001.xml	8eaa19cb9d87dec69fc28af43629447c1350b70625e58ea182cbc0536bd8c147
bnf_752262-002	PAGE	/Users/marcel/corpus-vt/bnf-presse-seg/PRESSE/GRIS/P/752262-002.xml	942ea1dd728ccc91656e7d3bca731d3b7e7897d1e52029e1895883c2f84909fb
bnf_752262-003	PAGE	/Users/marcel/corpus-vt/bnf-presse-seg/PRESSE/GRIS/P/752262-003.xml	ae8e1fa8ad2a5e2de439e6a9b03b8835d11d43521a1ab936a6f518704674d831
bnf_752262-004	PAGE	/Users/marcel/corpus-vt/bnf-presse-seg/PRESSE/GRIS/P/752262-004.xml	6305d30fb4127ff912e1b6da73f9cd7c07431ff4f97e9659febd805a4f371d61
bnf_Rouge_001	PAGE	/Users/marcel/corpus-vt/bnf-presse-seg/PRESSE/GRIS/P/Rouge_001.xml	c1cb809e2d88664dc45eb3ab81aafb70cadc5c3c5ef08da997e51f237562226d
bnf_760355-001	PAGE	/Users/marcel/corpus-vt/bnf-presse-seg/PRESSE/NB/P/760355-001.xml	6f8ecdec784aa590de71549cdb96682863806541ec96a4207225dabef98687bb
kb_00530982	PAGE	/Users/marcel/corpus-vt/impact-kb-kranten/xml/00530982.xml	e893b0aa7bcfd696d5c339c7e240fd7d80e12a4feb560a616a36cf8cc5cc4368
kb_00530983	PAGE	/Users/marcel/corpus-vt/impact-kb-kranten/xml/00530983.xml	edda46795dc5dc9680cb1dbca190b38cd81c87ceb36a8eff65083b20477c4363
kb_00530984	PAGE	/Users/marcel/corpus-vt/impact-kb-kranten/xml/00530984.xml	ad2b9a8e2e969d6703d751c2a112cd9b98c236d317cd31c5ea795b89f28e2bcd
kb_00530985	PAGE	/Users/marcel/corpus-vt/impact-kb-kranten/xml/00530985.xml	60e2ca2cad43deba75f102cd295c1a61dc1a9c512fb83a304231f1af3bdf917d
kb_00530986	PAGE	/Users/marcel/corpus-vt/impact-kb-kranten/xml/00530986.xml	a0698b157943485e43c4bb3dead42d3408f1a5a21fdc42727dd59a7a72ac9a5c
kb_00530987	PAGE	/Users/marcel/corpus-vt/impact-kb-kranten/xml/00530987.xml	b79a085ff6bdb6361a6f2eead4f1367e5bdf1553b68c490ca10b1fedf38dea69
kb_00530988	PAGE	/Users/marcel/corpus-vt/impact-kb-kranten/xml/00530988.xml	9558111b224dadeee6fd988e6a6ff816ae6ff0e6ed69cd3aaad391dc1091e7bd
kb_00530989	PAGE	/Users/marcel/corpus-vt/impact-kb-kranten/xml/00530989.xml	865aeb18d1451f1beceadc39fc2e2a9c2bce8f1d694e041dec29bc854a0197bc
kb_00530990	PAGE	/Users/marcel/corpus-vt/impact-kb-kranten/xml/00530990.xml	60e665cb49acd950677cdedf790e02aba012f755453507a4e6e00f30aed36143
kb_00530991	PAGE	/Users/marcel/corpus-vt/impact-kb-kranten/xml/00530991.xml	5d17fd851d20a4d954e07de1e855c41aa83866ef23f0105795164178f4cbd860
kb_00530992	PAGE	/Users/marcel/corpus-vt/impact-kb-kranten/xml/00530992.xml	124948cda2ac2f2874400dd5fac82b4422ec46acde204ba4739e1b62ca06f425
kb_00530993	PAGE	/Users/marcel/corpus-vt/impact-kb-kranten/xml/00530993.xml	67f9b8b1ee13e7c9e36f750cee592d156709d8277eb83db781890dc402ddc136
kb_00530994	PAGE	/Users/marcel/corpus-vt/impact-kb-kranten/xml/00530994.xml	efaaa55f63181740db2412d508e43a632d70af6944b228eae464eff62fcc7423
kb_00530995	PAGE	/Users/marcel/corpus-vt/impact-kb-kranten/xml/00530995.xml	fc8c31237f64c713f85d5493be5bca321d3aa02ab3899ad30a1107dc8098a0fc
kb_00530996	PAGE	/Users/marcel/corpus-vt/impact-kb-kranten/xml/00530996.xml	7a50ac80bac55b164fabf6d7f2857c8fbf0b6601039bc317479b469de279ff8c
kb_00530997	PAGE	/Users/marcel/corpus-vt/impact-kb-kranten/xml/00530997.xml	3e31bb1185018c4e1fd6d5e0635a833eea883b6f5b15090fd5df7f73e8edd8bf
kb_00530998	PAGE	/Users/marcel/corpus-vt/impact-kb-kranten/xml/00530998.xml	4e15134f5d4ebb12621aa2e0df08947445a606716aab19a1a13db5b2d72b4e64
kb_00530999	PAGE	/Users/marcel/corpus-vt/impact-kb-kranten/xml/00530999.xml	c67e5a28b2b080d2d68063b643a9cf8373cf565ed4ef2aef490990393792120b
kb_00531000	PAGE	/Users/marcel/corpus-vt/impact-kb-kranten/xml/00531000.xml	e3c72d15ee876c25a564df949a34ce280a976346536115d7dd630ba1c4d819bd
kb_00531001	PAGE	/Users/marcel/corpus-vt/impact-kb-kranten/xml/00531001.xml	2c7446349c122bd0e04ea5d7a71d90b148e03ed7018879aff3607fe321071a33
kb_00531002	PAGE	/Users/marcel/corpus-vt/impact-kb-kranten/xml/00531002.xml	f6a59f5454fc68b2d9267424a4c56d84ffd1b8652fd7b6bde8f65c4c4db46026
kb_00531003	PAGE	/Users/marcel/corpus-vt/impact-kb-kranten/xml/00531003.xml	2842ee7e29c72be0be94be4e123f7367291782c93c2202ed653fd50e1f857a3b
kb_00531004	PAGE	/Users/marcel/corpus-vt/impact-kb-kranten/xml/00531004.xml	c8481aa4dd79605e49a37bbb91f883312838687824d2dd3623e5e76032f15f6f
kb_00531005	PAGE	/Users/marcel/corpus-vt/impact-kb-kranten/xml/00531005.xml	dffff2b9366196898e9f07cc9a1f045c2e1fb2a60d2ff8a79a5921c243f95ad9
kb_00531006	PAGE	/Users/marcel/corpus-vt/impact-kb-kranten/xml/00531006.xml	a7573327e7d1d6e30b221ec96154ed7109dccbb49915fb0cef8e7e8ea2aeb5b7
kb_00531007	PAGE	/Users/marcel/corpus-vt/impact-kb-kranten/xml/00531007.xml	410749ceb5addb2747fc4d56206bfc1994a1bcedeed4f0fc6f5131f60a64561c
kb_00531008	PAGE	/Users/marcel/corpus-vt/impact-kb-kranten/xml/00531008.xml	51c01e2609aa861d97c9d41f47cb0e973c003b19d677dd6a96ec3b3145912582
kb_00531009	PAGE	/Users/marcel/corpus-vt/impact-kb-kranten/xml/00531009.xml	70793bdea817796c6834d70c63722b7650757c68fdec1e976ed25f81aac47aea
kb_00531010	PAGE	/Users/marcel/corpus-vt/impact-kb-kranten/xml/00531010.xml	0ddfb7546ec2445ca601557765c4851c9f22b5a1dd9ab2dd08b6df350f207b27
kb_00531011	PAGE	/Users/marcel/corpus-vt/impact-kb-kranten/xml/00531011.xml	4b4a6d5204e453ecc09bde54817365d01c3ad1ddd72b20600dd968c1e5b77a50
kb_00531012	PAGE	/Users/marcel/corpus-vt/impact-kb-kranten/xml/00531012.xml	3e4b75ecc7bf1360edcdc960bef6b299c8d677c26f1644357e2f5a583be59804
kb_00531013	PAGE	/Users/marcel/corpus-vt/impact-kb-kranten/xml/00531013.xml	75b8233d3839f1f243d996c6dd68d3ac1ad6c16d7d812bb3206411ac48bb27e2
kb_00531014	PAGE	/Users/marcel/corpus-vt/impact-kb-kranten/xml/00531014.xml	b20d1dc4662f0d4b695df177417ef090264451d14e9780d69ea2fb4b0de71b46
kb_00531015	PAGE	/Users/marcel/corpus-vt/impact-kb-kranten/xml/00531015.xml	df6c8c6a41552f23a7eae80f2e540f3fc582a444295d1a421a7c116397eafd24
kb_00531016	PAGE	/Users/marcel/corpus-vt/impact-kb-kranten/xml/00531016.xml	436dfe89193e999c4f8c0dc52974041ec83ca70dacc267cb7b63ea45c9e93395
kb_00531017	PAGE	/Users/marcel/corpus-vt/impact-kb-kranten/xml/00531017.xml	260db29151d1e05e5cd2f33176de9b95a81cecc2620dfa6007b6ddc66b8691e7
kb_00531018	PAGE	/Users/marcel/corpus-vt/impact-kb-kranten/xml/00531018.xml	a346a895d41bcd53ccde889b27b95ae9869f3645ec834cb006d6d5f82739d906
kb_00531019	PAGE	/Users/marcel/corpus-vt/impact-kb-kranten/xml/00531019.xml	9c2848e989f33e27f3cecd0d63f1009a68c38014753dd7198d8603dcd84478a5
kb_00531020	PAGE	/Users/marcel/corpus-vt/impact-kb-kranten/xml/00531020.xml	af1cca161fcba0c8b7617c070dd3516e7acc608e11321c5de43d0562c442f5fc
kb_00531021	PAGE	/Users/marcel/corpus-vt/impact-kb-kranten/xml/00531021.xml	62a9dd1910b836daa6f82fd875d2554de945798ba1a099922c118f16a966b22f
kb_00531022	PAGE	/Users/marcel/corpus-vt/impact-kb-kranten/xml/00531022.xml	9d8869963b644314564a14773fe4bdeb0fb8473032f883bebf7a4ea97569c9b0
kb_00531023	PAGE	/Users/marcel/corpus-vt/impact-kb-kranten/xml/00531023.xml	91e8e53b284421efd4942e02976fdfaa426a3c966e2369ae84643b77e9ac8ea5
kb_00531024	PAGE	/Users/marcel/corpus-vt/impact-kb-kranten/xml/00531024.xml	982477b4b64c72c2240b0f37eca5ca07d8f1334bdf686b1ddea5a1477597a0ff
kb_00531025	PAGE	/Users/marcel/corpus-vt/impact-kb-kranten/xml/00531025.xml	eec0b78b69ebafd97b1364e689ec8b61e15f3b0da65adbfc6f3e05f960af7527
kb_00531026	PAGE	/Users/marcel/corpus-vt/impact-kb-kranten/xml/00531026.xml	ea4286e5342d1e9c093029835e7165b18161a35707787a29e6755b14d3827f41
kb_00531027	PAGE	/Users/marcel/corpus-vt/impact-kb-kranten/xml/00531027.xml	6653701a1fcbfa188d19a6dbabde5ce914f64f62085575fd75f6e9d3d5ec483c
kb_00531028	PAGE	/Users/marcel/corpus-vt/impact-kb-kranten/xml/00531028.xml	c8b9653904e8b2f2ba73415c4f195f698a4987048d5c0561c4c96829296c1331
kb_00531029	PAGE	/Users/marcel/corpus-vt/impact-kb-kranten/xml/00531029.xml	cfc43d3df80ad221acddd6ab076f261d62f6fb62bb735fc461ad360ca463bfbe
kb_00531030	PAGE	/Users/marcel/corpus-vt/impact-kb-kranten/xml/00531030.xml	746c6f7cc96e7441617d97be6d14c845867ebdd32765dfc087fef4fb01af6f10
kb_00531031	PAGE	/Users/marcel/corpus-vt/impact-kb-kranten/xml/00531031.xml	e3020c672545f0725702c9b925ba4623beb29665f2a420c5084a00323c7b19a4
kb_00531032	PAGE	/Users/marcel/corpus-vt/impact-kb-kranten/xml/00531032.xml	f290f1cbe42b163d028e0255d3a3d2602871d50273e1c707ca84fcce3b71877d
kb_00531033	PAGE	/Users/marcel/corpus-vt/impact-kb-kranten/xml/00531033.xml	630b8ab121db6f5aa42e71d852f07d5433ec36a36dfd2560d11d629cf0f7dbc4
kb_00531034	PAGE	/Users/marcel/corpus-vt/impact-kb-kranten/xml/00531034.xml	3521f7e660f370f300dc663b693548e17bade9c62bb45adbd40d7903dc6def30
kb_00531035	PAGE	/Users/marcel/corpus-vt/impact-kb-kranten/xml/00531035.xml	03fbf0be12a0c0dc74c764431f44c439fadc4d0884c331ec97629109d8178691
kb_00531036	PAGE	/Users/marcel/corpus-vt/impact-kb-kranten/xml/00531036.xml	41b224bfd6d0c88d47a403a84128133a2e940b12f40ebfa91c41887fcac5290a
kb_00531037	PAGE	/Users/marcel/corpus-vt/impact-kb-kranten/xml/00531037.xml	64be50404f18501ee0228acf6c8fc4852d6883c64350a9948d642f5a4702d90f
kb_00531038	PAGE	/Users/marcel/corpus-vt/impact-kb-kranten/xml/00531038.xml	66ac53db59aa96b39fcf493ce92227e68440542ac496ba8c070e158f2e060c5f
kb_00531039	PAGE	/Users/marcel/corpus-vt/impact-kb-kranten/xml/00531039.xml	200df763558291320ee539286192a8be5a0864024a07a5395c85b4fd979d6a64
kb_00531040	PAGE	/Users/marcel/corpus-vt/impact-kb-kranten/xml/00531040.xml	c39a5e5e6b35e35bf934f8a82dc9e9fbe471272363048a7b5cf0e0a554d4bee5
kb_00531041	PAGE	/Users/marcel/corpus-vt/impact-kb-kranten/xml/00531041.xml	f6fd257621ed221aec2b2c0765e8fb2c635f914947ae78cb77f9cb8480deaf2f
kb_00531042	PAGE	/Users/marcel/corpus-vt/impact-kb-kranten/xml/00531042.xml	5d75e35955132fe0caa751ec904f97c383f5e4ad2a097a558aba8e7dc4b50556
kb_00531043	PAGE	/Users/marcel/corpus-vt/impact-kb-kranten/xml/00531043.xml	8b8727f706757b91f531053990b03c8fc33858c99f7dab281466835509e155f3
kb_00531044	PAGE	/Users/marcel/corpus-vt/impact-kb-kranten/xml/00531044.xml	aef17cd8991719fea14159caa48980620749cc0c0c1b58c628de027cfc109c98
kb_00531045	PAGE	/Users/marcel/corpus-vt/impact-kb-kranten/xml/00531045.xml	45d6afc002b6a5efcd06f3b1635c32707d53e68d62a565987077c7340646e73f
kb_00531046	PAGE	/Users/marcel/corpus-vt/impact-kb-kranten/xml/00531046.xml	133b95f100e44025e0432ad3f4498f9789b6013c620fa1d505b258531642a96f
kb_00531047	PAGE	/Users/marcel/corpus-vt/impact-kb-kranten/xml/00531047.xml	1eb677f29927ea5e7299f5d8f27368a0cc80233b1c5e289795d62b389dd1a31b
kb_00531048	PAGE	/Users/marcel/corpus-vt/impact-kb-kranten/xml/00531048.xml	15aebb1b7e362dd66172ff0ce05861b6f5386ef3182a26517928c47d10a1b2c5
kb_00531049	PAGE	/Users/marcel/corpus-vt/impact-kb-kranten/xml/00531049.xml	3ca51c8c3207e9885b054c4dedcbcc0ec99058a94639e4251eca51119f9d03cf
kb_00531050	PAGE	/Users/marcel/corpus-vt/impact-kb-kranten/xml/00531050.xml	db730e3b8bfe9884ffb422b65c43fba51abde9d840bab9e04d36aa15b8d0798d
kb_00531051	PAGE	/Users/marcel/corpus-vt/impact-kb-kranten/xml/00531051.xml	201a3cc88d26883a24cf7369c3bb9bcc4ba62dc2c2edfb82e077043cf44b49ec
kb_00531052	PAGE	/Users/marcel/corpus-vt/impact-kb-kranten/xml/00531052.xml	e27018d568b18d18fa4dbf513aed0a7ff770f003e36d48df53f94e433484e97e
kb_00531053	PAGE	/Users/marcel/corpus-vt/impact-kb-kranten/xml/00531053.xml	499512e4e9975277a9d6b69053257e73aa9f91bdb5253a506cf89bef6ebd8356
kb_00531054	PAGE	/Users/marcel/corpus-vt/impact-kb-kranten/xml/00531054.xml	b1c5df76792f9e65da7ceeabd3e44c33b4db7ea9e727404f2f000f907e5e8813
kb_00531055	PAGE	/Users/marcel/corpus-vt/impact-kb-kranten/xml/00531055.xml	1881b26a7ac58e4391a1ec732eb7f3e11bfde4b271830e35107553e46709090f
kb_00531056	PAGE	/Users/marcel/corpus-vt/impact-kb-kranten/xml/00531056.xml	57712ae97e840bf4e982baf5faf4e00f8801d502d10dd4994fb733dd45cdd98c
kb_00531057	PAGE	/Users/marcel/corpus-vt/impact-kb-kranten/xml/00531057.xml	c4b8451c276a0cc0d86931f6919b8a8571981ae6a0ffcb257614412c2563e944
kb_00531058	PAGE	/Users/marcel/corpus-vt/impact-kb-kranten/xml/00531058.xml	22435cbb7054aac89bc4a50b3dfc794ca0f2ce44143400b8e6165b438cbdad0c
kb_00531059	PAGE	/Users/marcel/corpus-vt/impact-kb-kranten/xml/00531059.xml	3b85cc2df249beaa4a4ad52e61be51febf841592e473c8020a0a518574fdfe1e
kb_00531060	PAGE	/Users/marcel/corpus-vt/impact-kb-kranten/xml/00531060.xml	e3a4d2e700f387fe5a931762d3a0a835acd5e8d2c5d6a62d41d227c55eb06004
kb_00531061	PAGE	/Users/marcel/corpus-vt/impact-kb-kranten/xml/00531061.xml	a9614d8b7bbf9bf6db4b2fc9c5352686d1c6c0c7899f611536cf0f4d48e046b3
kb_00531062	PAGE	/Users/marcel/corpus-vt/impact-kb-kranten/xml/00531062.xml	11ce1581bb7c1057d2f1135c43b2c1171762da6f8a46f98356df640cba610ae9
kb_00531063	PAGE	/Users/marcel/corpus-vt/impact-kb-kranten/xml/00531063.xml	d82fd2858b4d0a6678050aa7b31fa751f319ce36c8caf5164860d56e0cd0374e
kb_00531064	PAGE	/Users/marcel/corpus-vt/impact-kb-kranten/xml/00531064.xml	059f39398f269558a5732acff5d27dff6f2071c4f3193db34c373c5898eb3ae3
kb_00531065	PAGE	/Users/marcel/corpus-vt/impact-kb-kranten/xml/00531065.xml	1c63d34bab8b5d41104f7dd208c46463f9bf28f0a4f6ce0cf14053603b7c63be
kb_00531066	PAGE	/Users/marcel/corpus-vt/impact-kb-kranten/xml/00531066.xml	a4c649e64957a30df98bd5c0bb0dcd5e296a78c327445192f1d52beb144b7eff
kb_00531067	PAGE	/Users/marcel/corpus-vt/impact-kb-kranten/xml/00531067.xml	1361cc7368dd9144aa423a83f04dd53b7f30625c8d2915992957870f743f0af5
kb_00531068	PAGE	/Users/marcel/corpus-vt/impact-kb-kranten/xml/00531068.xml	a626038c0ed9f74cf66b0cb7ecb2746cbb281613a1828601b1b1f78ad8294f74
kb_00531069	PAGE	/Users/marcel/corpus-vt/impact-kb-kranten/xml/00531069.xml	f06c0cb6b7574974f354cf3526be56288b65ab6c76d7687fa5df53936e2beabf
kb_00531070	PAGE	/Users/marcel/corpus-vt/impact-kb-kranten/xml/00531070.xml	0669eac0e3aac0cac7f0578c6d0f293032237ea9c95857b0f2dbb368e9be8ed3
kb_00531071	PAGE	/Users/marcel/corpus-vt/impact-kb-kranten/xml/00531071.xml	431e13f0d071ebd464017adc172c690bc2a669726fd22acf5647fdf8b089ae77
kb_00531079	PAGE	/Users/marcel/corpus-vt/impact-kb-kranten/xml/00531079.xml	62a1f2e7b142bc8e897dad1b60a5d32861e739134dcc287bcc3f276b95e4209f
kb_00531080	PAGE	/Users/marcel/corpus-vt/impact-kb-kranten/xml/00531080.xml	9eaa29c15ab60d790f89a0274a4f0634dfc96bbcd18bd761b58bfd3e302c461b
kb_00531081	PAGE	/Users/marcel/corpus-vt/impact-kb-kranten/xml/00531081.xml	efea33d481918018d11443d291ce1edc805b891e292478f2c205477a4c459fba
kb_00531082	PAGE	/Users/marcel/corpus-vt/impact-kb-kranten/xml/00531082.xml	8107902392aa520d960da7b762e53089970d4f24b929686bb3302196c4983f80
kb_00531083	PAGE	/Users/marcel/corpus-vt/impact-kb-kranten/xml/00531083.xml	f1bb15ec77f538670d126287b614657ebd01ad7cbe197fdeae64ab295b9981df
kb_00531084	PAGE	/Users/marcel/corpus-vt/impact-kb-kranten/xml/00531084.xml	19edf08a645c121595dbf94071e4982d4a6e864c47a86c0a47378bc52c6a6948
kb_00531085	PAGE	/Users/marcel/corpus-vt/impact-kb-kranten/xml/00531085.xml	4e8f17c433c006e3311acda18d2ef7e2d62816d61232d06b883cee99f9e396ec
kb_00531086	PAGE	/Users/marcel/corpus-vt/impact-kb-kranten/xml/00531086.xml	5a6ddcd5cb8bfc15c9b792770e0bffbca114b28cf62da5dbdaf56c86553db192
kb_00531087	PAGE	/Users/marcel/corpus-vt/impact-kb-kranten/xml/00531087.xml	58bed4c93022482bd28828debd339f0eb7fcbd2fe2c6202570656a380aa1c741
kb_00531088	PAGE	/Users/marcel/corpus-vt/impact-kb-kranten/xml/00531088.xml	7816dfd27ff5b319e22582b25fdb262fdc7bb5de23ae51ea09bf6ad0a0696da8
kb_00531089	PAGE	/Users/marcel/corpus-vt/impact-kb-kranten/xml/00531089.xml	4d370960b90d8b10881df3783e3fc19dbc827a75a196a2f4721521441ce30a40
kb_00531090	PAGE	/Users/marcel/corpus-vt/impact-kb-kranten/xml/00531090.xml	195837a87eaa37b16b4ef190d2efbb54294853cda537b3e4e3b5337739ddf068
kb_00531091	PAGE	/Users/marcel/corpus-vt/impact-kb-kranten/xml/00531091.xml	6f7a30e3e2bbcb2617b1ab4ac87f57c07044131e9eb9941739baaa97ca2d2146
kb_00531092	PAGE	/Users/marcel/corpus-vt/impact-kb-kranten/xml/00531092.xml	f2660b43e7017e647c9b2d3408c592d1b2010365a06f01d37ffa5196409ac1da
kb_00531093	PAGE	/Users/marcel/corpus-vt/impact-kb-kranten/xml/00531093.xml	a5e73cc22e0d7058988237cc8184001d7b8a994fec9af4783f40ba4410232656
kb_00531094	PAGE	/Users/marcel/corpus-vt/impact-kb-kranten/xml/00531094.xml	38b7f99d02d97f502f6e72513f01649473d7128e96d72d10f1c788290553744d
kb_00531095	PAGE	/Users/marcel/corpus-vt/impact-kb-kranten/xml/00531095.xml	07af0f780cbfe969dff3047e647f8989f79555ed863d072fb77e23d96894bf32
kb_00531096	PAGE	/Users/marcel/corpus-vt/impact-kb-kranten/xml/00531096.xml	5ce1814abb6426794ad3691ee332367b14c4ddb6266f8bc764e4b1a49fef8431
kb_00531097	PAGE	/Users/marcel/corpus-vt/impact-kb-kranten/xml/00531097.xml	90f2dacbd89045b23f8c34d3cba5a7e26317ce78ef519a5f9a52a5acd10d101e
kb_00531098	PAGE	/Users/marcel/corpus-vt/impact-kb-kranten/xml/00531098.xml	e2139ad978197ac35324c263073e3225f3c7556616255ba1e174486465adaee6
kb_00531099	PAGE	/Users/marcel/corpus-vt/impact-kb-kranten/xml/00531099.xml	44a556a531e4675444601b9fd668ff9d0afad90f062ba5a5e087811b05f7da00
kb_00531100	PAGE	/Users/marcel/corpus-vt/impact-kb-kranten/xml/00531100.xml	30e459a6ce4badccde038801fe4ab6a1e077b9ef1859994e015b87ef20e1880e
kb_00531101	PAGE	/Users/marcel/corpus-vt/impact-kb-kranten/xml/00531101.xml	09ef2e19efac8821c7da3e2ed06417550da13817146dfc11e45dd7751f66465e
kb_00531102	PAGE	/Users/marcel/corpus-vt/impact-kb-kranten/xml/00531102.xml	7941c488921c360367348ae3e5c5b2f3e3dd2ea7ae5ef4c8c0e442a6150f8dff
kb_00531103	PAGE	/Users/marcel/corpus-vt/impact-kb-kranten/xml/00531103.xml	a4343628b9be08f9cc4ee5a8fe87857a2921ec589e918e7005601b92d71763f1
kb_00531104	PAGE	/Users/marcel/corpus-vt/impact-kb-kranten/xml/00531104.xml	8b47ab6578a1a8f382f0dcf4d409abffdd78037867513348493f73f09e60578e
kb_00531105	PAGE	/Users/marcel/corpus-vt/impact-kb-kranten/xml/00531105.xml	e71b08538fea4bdcc07114b02f7eb35136e1301c13d84e818f2b6ef87cca57af
kb_00531106	PAGE	/Users/marcel/corpus-vt/impact-kb-kranten/xml/00531106.xml	161f8cb42c4c7e39381f3d8bda7557a38c7e6dedca88ef60eba7b063c51290a4
kb_00531107	PAGE	/Users/marcel/corpus-vt/impact-kb-kranten/xml/00531107.xml	5918076714948d0625d881a1c03c9e475336fcfc00cc243c0acd1cdb8fea6348
kb_00531108	PAGE	/Users/marcel/corpus-vt/impact-kb-kranten/xml/00531108.xml	4fc732684425fabb43881161ced7f820e91e27e80c2eed21da1469fdd0556f2f
kb_00531109	PAGE	/Users/marcel/corpus-vt/impact-kb-kranten/xml/00531109.xml	7032e783f5bf62ba11f531e20ca5f2b88b1e885b3b5baceb4cd2d7621b9a5b78
kb_00531110	PAGE	/Users/marcel/corpus-vt/impact-kb-kranten/xml/00531110.xml	cd2ac16bce84a2313cc142b2687c9bb088caee4eac2fb04594f6d5db8fd8dff4
kb_00531111	PAGE	/Users/marcel/corpus-vt/impact-kb-kranten/xml/00531111.xml	0fce9aed4d36380b4123e3a7782bb03519fd3dfb36f2ddf803faefc146c23002
kb_00531112	PAGE	/Users/marcel/corpus-vt/impact-kb-kranten/xml/00531112.xml	e70bf6afc8e1df0480dbcb4b21c9bb07b745c3a0d84c9d046a3e4b375418e296
kb_00531113	PAGE	/Users/marcel/corpus-vt/impact-kb-kranten/xml/00531113.xml	786fd9aa7e3c8dd448c120d2b2ac227d7d34b815bef2e5cbaeef2f7ba8c23eec
kb_00531114	PAGE	/Users/marcel/corpus-vt/impact-kb-kranten/xml/00531114.xml	0e8db5863a76279c3848cc0d1b48b021cadf1e4b9eb1521ef98e2ec7c31c04fe
kb_00531115	PAGE	/Users/marcel/corpus-vt/impact-kb-kranten/xml/00531115.xml	4daf2e4f1a8ea65ab95a723659be68a8d18743a434a70b0dae919b886fe57e1c
kb_00531116	PAGE	/Users/marcel/corpus-vt/impact-kb-kranten/xml/00531116.xml	84cfe2699f04ad7f2acb5b55dc355b8076a0f2d3778700838c0ab2ba09be125e
kb_00531117	PAGE	/Users/marcel/corpus-vt/impact-kb-kranten/xml/00531117.xml	0cab2a59ae48a2946a16aad6a75f434402fb3f6ad7bbce8b300657cef3a72707
kb_00531118	PAGE	/Users/marcel/corpus-vt/impact-kb-kranten/xml/00531118.xml	5d9b511b7667ffca21e61ea30ce76ca36cc8a01a5c29b70f932a199f3648a5d0
kb_00531119	PAGE	/Users/marcel/corpus-vt/impact-kb-kranten/xml/00531119.xml	7f4a66bc6454e4a13c4543e9380869ebaac4ab8b227c5d0895e36b07b0321713
kb_00531120	PAGE	/Users/marcel/corpus-vt/impact-kb-kranten/xml/00531120.xml	d9829694b674c4a1d3f74e6e77d263b44a0886b702b9991d142922f0200247fd
kb_00531121	PAGE	/Users/marcel/corpus-vt/impact-kb-kranten/xml/00531121.xml	d6915fb3681ae5ffc74ed3eb09f192d446fbe27abb24e4a7cc773c09e7b008c7
kb_00531122	PAGE	/Users/marcel/corpus-vt/impact-kb-kranten/xml/00531122.xml	a743c69d4e55ef24c2686a817638b85497d831a7bb553d3cdee1389d60880523
kb_00531123	PAGE	/Users/marcel/corpus-vt/impact-kb-kranten/xml/00531123.xml	e5c0c256a7682799c18263103924a2b2edfada5b31ae50e841ad941232a6aad2
kb_00531124	PAGE	/Users/marcel/corpus-vt/impact-kb-kranten/xml/00531124.xml	82d38a701140057e8243c540eb62a4eadd72c99a6880cf5169fd8aa04db09c7a
kb_00531125	PAGE	/Users/marcel/corpus-vt/impact-kb-kranten/xml/00531125.xml	f0e610d8e517fe58709b3a8ee78173ea97336bd78820ca7ffd1a96b17c922e55
kb_00531126	PAGE	/Users/marcel/corpus-vt/impact-kb-kranten/xml/00531126.xml	5189d24f3bd5541c33f33d663c3bc04e5be79dac0ec24d8d6ce99c1f5dbfe70c
kb_00531127	PAGE	/Users/marcel/corpus-vt/impact-kb-kranten/xml/00531127.xml	5acfc22896969962ed80c3bf66106e8ad2dc5ed34e402c72fc11f7690baa393c
kb_00531128	PAGE	/Users/marcel/corpus-vt/impact-kb-kranten/xml/00531128.xml	7ca6d766a616e7b285ef85c14bb78ce150ce27f905cda8ce461214c497640087
kb_00531129	PAGE	/Users/marcel/corpus-vt/impact-kb-kranten/xml/00531129.xml	ad8261f308a7e25d7152370f68aebb7ab2358b5f2fc0cea4ef75cd58148a897f
kb_00531130	PAGE	/Users/marcel/corpus-vt/impact-kb-kranten/xml/00531130.xml	d57f351f69b1f6d22376868c4dbe5509694838f8f4898edc370714c50d33a0ba
kb_00531131	PAGE	/Users/marcel/corpus-vt/impact-kb-kranten/xml/00531131.xml	8a1c1c8f4dd10ea414bf0de100de18dd6456e35a6a33bd2224e70893858cc5ca
kb_00531132	PAGE	/Users/marcel/corpus-vt/impact-kb-kranten/xml/00531132.xml	34af4e9b050c2844b0312bc14b63172c5fcab1d40c5379ecff4ae2d46193a484
kb_00531133	PAGE	/Users/marcel/corpus-vt/impact-kb-kranten/xml/00531133.xml	5f7cf37207ab150f32164e0cacceb6ad3d520857147508b24032e4603461720c
kb_00531134	PAGE	/Users/marcel/corpus-vt/impact-kb-kranten/xml/00531134.xml	7090790e037a6a4a777427329c9237111bb2231cde88ab3db6c54745b4bd3b2f
kb_00531135	PAGE	/Users/marcel/corpus-vt/impact-kb-kranten/xml/00531135.xml	3557d07fecb4b069d1744d0582a75a0a76d8ac04faa5248d03f14dff9ccbfcea
kb_00531136	PAGE	/Users/marcel/corpus-vt/impact-kb-kranten/xml/00531136.xml	48ed34008380dba9e167757a89bb593e2e5b87bca98c85957e38e36ca7b85883
kb_00531137	PAGE	/Users/marcel/corpus-vt/impact-kb-kranten/xml/00531137.xml	9b237d85b2cc36106ee164a4afcdd46492d086fac018ec3f66713496e0da4c41
kb_00531138	PAGE	/Users/marcel/corpus-vt/impact-kb-kranten/xml/00531138.xml	65db5d012139adefd3cb914a45ec406012788447b790550311ae73f9ba662428
kb_00531139	PAGE	/Users/marcel/corpus-vt/impact-kb-kranten/xml/00531139.xml	f93ff8f8545d972f049eb84aa9365f48a966caef9d542e25f8863d2513c58888
kb_00531140	PAGE	/Users/marcel/corpus-vt/impact-kb-kranten/xml/00531140.xml	6536d6d1b24797617d1098c3c88efc74560109c42b855cba6cc3283da6c8c9e5
kb_00531141	PAGE	/Users/marcel/corpus-vt/impact-kb-kranten/xml/00531141.xml	eff592b21963591d4109cbc64e73fff5184172d3234a2a800e8c760774469fa9
kb_00531142	PAGE	/Users/marcel/corpus-vt/impact-kb-kranten/xml/00531142.xml	321f7a3ead8d0875bbd847066be3bcf733662fe79e61986c5fe0e3f2766a3095
kb_00531143	PAGE	/Users/marcel/corpus-vt/impact-kb-kranten/xml/00531143.xml	308351f370bf7fdbd47341552d772308f26035bc4f7b73dcfae46ba1e210869e
kb_00531144	PAGE	/Users/marcel/corpus-vt/impact-kb-kranten/xml/00531144.xml	3c0f0d9e30e692c09769b13d456858a5b0f3d24f37372427ebc709f1ae23f1b3
kb_00531145	PAGE	/Users/marcel/corpus-vt/impact-kb-kranten/xml/00531145.xml	14a8af1e43a7f5cedd4dce7ae79e597a9734dbe8bfa459c70267be5ec1ca695b
kb_00531146	PAGE	/Users/marcel/corpus-vt/impact-kb-kranten/xml/00531146.xml	babc1590ed7441d326f428d4cd6401906efd31cc6363de166e77dffcd77a31df
kb_00531147	PAGE	/Users/marcel/corpus-vt/impact-kb-kranten/xml/00531147.xml	e929741e83af70440f91c6dbfcd7c89281b5ef8f1b5fe4272ad782ee2fad324b
kb_00531148	PAGE	/Users/marcel/corpus-vt/impact-kb-kranten/xml/00531148.xml	c5d61c8f00891df4887f70dcb5206b89af5fe20b13f9dc8c30f4e2168e4b23b0
kb_00531149	PAGE	/Users/marcel/corpus-vt/impact-kb-kranten/xml/00531149.xml	eb1ff6b3656b9d82cb6255dc0caf18befecd69b58152d7c4d2db74439627335d
kb_00531150	PAGE	/Users/marcel/corpus-vt/impact-kb-kranten/xml/00531150.xml	c6012163750ceb80e9be4be5c44ec148d4b79d395d9a39cad7822912afaf6264
kb_00531151	PAGE	/Users/marcel/corpus-vt/impact-kb-kranten/xml/00531151.xml	f592acbe7d0761f591aa4d7a2a309f3eda753326896b817e08f380fdad3a7c4e
kb_00531152	PAGE	/Users/marcel/corpus-vt/impact-kb-kranten/xml/00531152.xml	52da4df1ce8aad350dc5d7ad0082c5d7df8922909fea0280c211afa16aadad8b
kb_00531153	PAGE	/Users/marcel/corpus-vt/impact-kb-kranten/xml/00531153.xml	2df08bcd90245941ad7b0e6fb217a260b15571df48709255e6264f7d0e72b71d
kb_00531154	PAGE	/Users/marcel/corpus-vt/impact-kb-kranten/xml/00531154.xml	979399ac5f9f363bf19dd2cfbfc3afd46c489a0ab895f58d516c0b4c6a880f09
kb_00531155	PAGE	/Users/marcel/corpus-vt/impact-kb-kranten/xml/00531155.xml	b337fd9ed0bd8924decf492cb8ba396f0c6cc55740c7cef42bd01706ed8b91f3
kb_00531156	PAGE	/Users/marcel/corpus-vt/impact-kb-kranten/xml/00531156.xml	9a3eade5645fb788079f0c534df9571365eda81b15d887ce2c22fdf4ec6074ac
kb_00531157	PAGE	/Users/marcel/corpus-vt/impact-kb-kranten/xml/00531157.xml	e44d8cf8e1c1dec1982b226caeb64c86a8fdd793637a08e9080e469eef9ecbe6
kb_00531158	PAGE	/Users/marcel/corpus-vt/impact-kb-kranten/xml/00531158.xml	c9cdb1bd490a017ef1a76b4552427940b4627a05ee1cb789e954a3a0fa2bc67b
kb_00531159	PAGE	/Users/marcel/corpus-vt/impact-kb-kranten/xml/00531159.xml	344855faaca1d15586b8c97c92f1f445a80c648dba7d97001bbf2d2ed44e0d09
kb_00531160	PAGE	/Users/marcel/corpus-vt/impact-kb-kranten/xml/00531160.xml	ab31da935585a249123db5e795e80933c533e2371196c39970a684c032f56399
kb_00531161	PAGE	/Users/marcel/corpus-vt/impact-kb-kranten/xml/00531161.xml	ca7991bf6bc60e2ac4ae2fb185619095cd32f6343a60af0a08213691b1b5a6d7
kb_00531162	PAGE	/Users/marcel/corpus-vt/impact-kb-kranten/xml/00531162.xml	e094be41be370e35c176e990fd3d61d04a48ee452b2054e9bfecbb24fdd22702
kb_00531163	PAGE	/Users/marcel/corpus-vt/impact-kb-kranten/xml/00531163.xml	89e65616a3d0edba472eb4fc945d3754ed653aa0fce0d5d0400d0b35ccdfd2a0
kb_00531164	PAGE	/Users/marcel/corpus-vt/impact-kb-kranten/xml/00531164.xml	a30c28a10458a0be5e8901bf0ae5a6a64ca05d3245bf487a115768955cb6ef6a
kb_00531165	PAGE	/Users/marcel/corpus-vt/impact-kb-kranten/xml/00531165.xml	cc19727b028f8d23b86033651d0473a6c0b897bb020f440b3eda2eeb8615ec32
kb_00531166	PAGE	/Users/marcel/corpus-vt/impact-kb-kranten/xml/00531166.xml	fa5a102971867e548d745fc9c8ed9ba217932f47ed5d80c217274561e3a37e46
kb_00531167	PAGE	/Users/marcel/corpus-vt/impact-kb-kranten/xml/00531167.xml	92e643cf94110e5c1c213a4c52467398b4dea28233b0ed7c638feed222c31098
kb_00531168	PAGE	/Users/marcel/corpus-vt/impact-kb-kranten/xml/00531168.xml	20f636f8822d4928464ee85ab6fc003408aff9af055519b15bd9ca40cbe9b1d8
kb_00531169	PAGE	/Users/marcel/corpus-vt/impact-kb-kranten/xml/00531169.xml	d3fd225b706b8b37e95dd260c67fd2b9c2d3f0a4737ebceec103599ac4a9e728
kb_00531170	PAGE	/Users/marcel/corpus-vt/impact-kb-kranten/xml/00531170.xml	fe14696a96b4b7df99848b359b9108208e6d8e127d2eb1f44aad72f86b8f3f8b
kb_00531171	PAGE	/Users/marcel/corpus-vt/impact-kb-kranten/xml/00531171.xml	c1dba410a664ac59f8c994cd996d510f0193f7e2c9c7236e640dd8535f744377
kb_00531172	PAGE	/Users/marcel/corpus-vt/impact-kb-kranten/xml/00531172.xml	16eb95cb256bac30e28d086b0c5263f1a7b30bbe48ce1c3d39648afd84200aed
kb_00531173	PAGE	/Users/marcel/corpus-vt/impact-kb-kranten/xml/00531173.xml	a92db495890dd56d3896f83c20a0ef3b81f8c9bd789aeb4433caa7ef3fe1dcf0
kb_00531174	PAGE	/Users/marcel/corpus-vt/impact-kb-kranten/xml/00531174.xml	51fdda24d4c04f204d9caf8fc3d843cebfb16be3cf9cc8eebfd21eb1a323ba87
kb_00531175	PAGE	/Users/marcel/corpus-vt/impact-kb-kranten/xml/00531175.xml	af672bf2796889e8fabd49ba4558df55cc24e83e30e698f7c749207b9a4930f5
kb_00531176	PAGE	/Users/marcel/corpus-vt/impact-kb-kranten/xml/00531176.xml	3286f75c455f5172b6df3028235e0c764ceefed71b683badd522f3fdc3a79d14
kb_00531177	PAGE	/Users/marcel/corpus-vt/impact-kb-kranten/xml/00531177.xml	88cfbd99b91cbaf0d199daabfd970ae057276a12b7a7cd1de99efb0e966e9534
kb_00531178	PAGE	/Users/marcel/corpus-vt/impact-kb-kranten/xml/00531178.xml	c50604fc95a53c1d1c43d05fe37764c6ad18c135f487957ab451441bb3946303
kb_00531179	PAGE	/Users/marcel/corpus-vt/impact-kb-kranten/xml/00531179.xml	e2100c92aff097683f92e5d05c8f6b96bad63d72c2415be2c0c7e72f194de970
kb_00531180	PAGE	/Users/marcel/corpus-vt/impact-kb-kranten/xml/00531180.xml	a388cc1db3e9cf75751408ee9c2accbb670d46fcda7ef029b3b5dc30dc5fad15
kb_00531181	PAGE	/Users/marcel/corpus-vt/impact-kb-kranten/xml/00531181.xml	295ec7c932bc73eff94d72daf1333615287ef28557aed60193832d78e1f7b57a
kb_00531182	PAGE	/Users/marcel/corpus-vt/impact-kb-kranten/xml/00531182.xml	a760d21bfb38349ec451bc4ac024c3791d5a8001b82595ea4db9c478769b6be6
kb_00531183	PAGE	/Users/marcel/corpus-vt/impact-kb-kranten/xml/00531183.xml	0dab7aac737317bbb6b7dd7034adc12006261a3b4d82dc0b4dd3c0ee5659b9d4
kb_00531184	PAGE	/Users/marcel/corpus-vt/impact-kb-kranten/xml/00531184.xml	0e7842db78103079bc0d660eb45913ed8e60b6b785de55f60e10ca109546e95c
kb_00531185	PAGE	/Users/marcel/corpus-vt/impact-kb-kranten/xml/00531185.xml	b8ee949dc82f130ab91818bc3017b9c02275692c1085ba4b199c09fb8856749a
kb_00531186	PAGE	/Users/marcel/corpus-vt/impact-kb-kranten/xml/00531186.xml	fe4f5baf4061e24edaef761f116973c4fdfc3fd6bca0c7c337c205a880bc2014
kb_00531187	PAGE	/Users/marcel/corpus-vt/impact-kb-kranten/xml/00531187.xml	839b9c7cad5684d0a990e195ccdb324749cd885bdee8c8697bbc3c320a937f71
kb_00531188	PAGE	/Users/marcel/corpus-vt/impact-kb-kranten/xml/00531188.xml	e6d433be8fa5cb0f9b22c3dabf0ef862dcd3287f7a9ae4d68d6ba2cd0fbd15fe
kb_00531189	PAGE	/Users/marcel/corpus-vt/impact-kb-kranten/xml/00531189.xml	81b8eacd03f35322c2032a0c45fa12805283a01bf8de048d4830ccd022663e33
kb_00531190	PAGE	/Users/marcel/corpus-vt/impact-kb-kranten/xml/00531190.xml	a4a05ebc77c261455029fee67b2c281ac83dcaba4d0020573b1e3b8407fc0858
kb_00531191	PAGE	/Users/marcel/corpus-vt/impact-kb-kranten/xml/00531191.xml	72bb5cc4f251eefd29b57e3fc9bd89b65f9f9de6593dd43fe00e449485ed1a8d
kb_00531192	PAGE	/Users/marcel/corpus-vt/impact-kb-kranten/xml/00531192.xml	ae08d935a1d2013e745dd0b4d9855afdf0cc7b44d4f825922a1e4848669df30a
kb_00531193	PAGE	/Users/marcel/corpus-vt/impact-kb-kranten/xml/00531193.xml	0826c8197c829f67602e27ea14a2c23177be606facdef0e35a738f40fd529862
kb_00531194	PAGE	/Users/marcel/corpus-vt/impact-kb-kranten/xml/00531194.xml	57c27f19e739e5383529ac3984574f1e6f9edc2f312cc9daf98d8fe09490d816
kb_00531195	PAGE	/Users/marcel/corpus-vt/impact-kb-kranten/xml/00531195.xml	81b356638b59ca11b279bdb12687a87e78e46a8403481c828cadc589d8cd6b50
kb_00531196	PAGE	/Users/marcel/corpus-vt/impact-kb-kranten/xml/00531196.xml	5d41eb91ad368acca3310bb11d97678973c9835121a9a251f4cf618febad2abd
kb_00531197	PAGE	/Users/marcel/corpus-vt/impact-kb-kranten/xml/00531197.xml	60535aee5958a9d9c4b76c459b5bc18ecd7e1315ffeea3cc4a55df648a58e3c4
kb_00531198	PAGE	/Users/marcel/corpus-vt/impact-kb-kranten/xml/00531198.xml	11f0ade027152b7cd5d7d28e3852251ad21d20ab24e174114e2a392aed7f86a8
kb_00531199	PAGE	/Users/marcel/corpus-vt/impact-kb-kranten/xml/00531199.xml	2642ff08ea70919a0a57a8dfb562d15fbeb19f5bd524f5ae7ca9786f8f2c647c
kb_00531200	PAGE	/Users/marcel/corpus-vt/impact-kb-kranten/xml/00531200.xml	a1819d6ff398c330ccaaf65a90f0b40c3820b9c7ac4ab6c2868f2a765218f99b
kb_00531201	PAGE	/Users/marcel/corpus-vt/impact-kb-kranten/xml/00531201.xml	05d35fe165d715ab5fde91ad5c0cbb67186e9c7f8a3aaac9aebde8d5858eff22
kb_00531202	PAGE	/Users/marcel/corpus-vt/impact-kb-kranten/xml/00531202.xml	5d36e3c622f1eed0db0576da7ced13c886f2e2ef046998d2ac0f0429f1182d84
kb_00531203	PAGE	/Users/marcel/corpus-vt/impact-kb-kranten/xml/00531203.xml	4e4b57f7d11fd3719df197a7c3b1ce280c57cb309ab9aed868840efd8e27995d
kb_00531204	PAGE	/Users/marcel/corpus-vt/impact-kb-kranten/xml/00531204.xml	ea16098020bcacfbdb7a9be5d3220626a050c5e5838f7715540f03a3c42cf051
kb_00531205	PAGE	/Users/marcel/corpus-vt/impact-kb-kranten/xml/00531205.xml	fcec1143d2514151c1246e85649cb51a4381b8e05172b61d2fdeb4737ac094b2
kb_00531206	PAGE	/Users/marcel/corpus-vt/impact-kb-kranten/xml/00531206.xml	eba22a70851423d465d2542681300009bf1733af4217ce33214ee9c1c9e8651d
kb_00531207	PAGE	/Users/marcel/corpus-vt/impact-kb-kranten/xml/00531207.xml	f6e9a88c0ffb6086e06404e0484919a3d0990cdb5426b319d2021cd0fe9db27d
kb_00531208	PAGE	/Users/marcel/corpus-vt/impact-kb-kranten/xml/00531208.xml	67b41345d2628e3f4ee2112983ce02f2fb0e066af72452d87350e2e482e159d5
kb_00531209	PAGE	/Users/marcel/corpus-vt/impact-kb-kranten/xml/00531209.xml	c7710eefefa17b44ede8b0ba0582baa53348d8bcf37b28c577947241d2674970
kb_00531210	PAGE	/Users/marcel/corpus-vt/impact-kb-kranten/xml/00531210.xml	d57d3ead1f1035b8db6580a2c66c2b7abfb304460c02920c802e07f6e39cc022
kb_00531211	PAGE	/Users/marcel/corpus-vt/impact-kb-kranten/xml/00531211.xml	96f45359f9d5d0c6df01fb717e4c5a8f8bf6ea0de630e6b5cb95a1e4c4a26d4a
kb_00531212	PAGE	/Users/marcel/corpus-vt/impact-kb-kranten/xml/00531212.xml	031ed49c1779a124667cb6c9e1f912260da475aea9813dd536407af4cd98856e
kb_00531213	PAGE	/Users/marcel/corpus-vt/impact-kb-kranten/xml/00531213.xml	0f40be467c3ae1e65374b5e18e416e993bf404b4eb0e82de2bde6a9115a7b1eb
kb_00531214	PAGE	/Users/marcel/corpus-vt/impact-kb-kranten/xml/00531214.xml	f386bf47afba2f915ec0f72cd7f0f97834330be4dab20777bb5d149a6b9bd6d4
kb_00531215	PAGE	/Users/marcel/corpus-vt/impact-kb-kranten/xml/00531215.xml	e104dd46fad59995ebd2c0fd03debd1530ff15b1b05a942024c15d77a370c27e
kb_00531216	PAGE	/Users/marcel/corpus-vt/impact-kb-kranten/xml/00531216.xml	e0369568a6db4b429667d8de8caea269f138ea246a3f6ae000ad7a4cbc8a63b0
kb_00531217	PAGE	/Users/marcel/corpus-vt/impact-kb-kranten/xml/00531217.xml	559ca401807985ea610f7444ad356a085645f600a03078cf6eb8615f9364e982
kb_00531218	PAGE	/Users/marcel/corpus-vt/impact-kb-kranten/xml/00531218.xml	c20d98a7d323e7a37be6ee93d04aa1bbdda7bf3311fc0b464d48ead4e645b6c6
kb_00531219	PAGE	/Users/marcel/corpus-vt/impact-kb-kranten/xml/00531219.xml	d6187b6989d595eee5ca032c6e32409d2ff127b2d1cd1e6a8075cbc211cf94cf
kb_00531220	PAGE	/Users/marcel/corpus-vt/impact-kb-kranten/xml/00531220.xml	536531fcee9aa942585fcfe73e979098e33971dbb4ac26138dd741e365445366
kb_00531221	PAGE	/Users/marcel/corpus-vt/impact-kb-kranten/xml/00531221.xml	28956ff4015dd98fe929a3ed7d3bba61c7e8a61d94c888ab4eb731848a9fe0c8
kb_00531222	PAGE	/Users/marcel/corpus-vt/impact-kb-kranten/xml/00531222.xml	accf10a372ebe2db93c989a2fe795fabfdd1e567b8482301519134da7a533188
kb_00531223	PAGE	/Users/marcel/corpus-vt/impact-kb-kranten/xml/00531223.xml	e2f8e78d2900feffc706fd5c14bb292e5bfdb83ce0f1d3890b5e9e8285199c97
kb_00531224	PAGE	/Users/marcel/corpus-vt/impact-kb-kranten/xml/00531224.xml	c70b7c60c2c62b306ed80bd10cb4b480eb9945f0dad4a19d04516a143c161fa1
kb_00531225	PAGE	/Users/marcel/corpus-vt/impact-kb-kranten/xml/00531225.xml	380f3523169156f10926b9df66e254815e3d112a6a159f263f1d91da16defa02
kb_00531226	PAGE	/Users/marcel/corpus-vt/impact-kb-kranten/xml/00531226.xml	3bf3799e8ef771e2bb11bfa2421cb51aca26818d4ea250240f30063fd8cc5045
kb_00531227	PAGE	/Users/marcel/corpus-vt/impact-kb-kranten/xml/00531227.xml	4d3058958b692df162e5cc6a27ecc2c1ac10eff5c9bc0fe2ced8d729cf4d6b85
kb_00531228	PAGE	/Users/marcel/corpus-vt/impact-kb-kranten/xml/00531228.xml	4c8a3a4b946d27b59120cd01196e406250dc94455b8961eb9c72342c612132f8
kb_00531229	PAGE	/Users/marcel/corpus-vt/impact-kb-kranten/xml/00531229.xml	e27ab4309cb89e1341e5e4614f7da871a9a94a964d502ba49d72e0e1cfe10a9c
kb_00531230	PAGE	/Users/marcel/corpus-vt/impact-kb-kranten/xml/00531230.xml	b74ae25088cac436954338c60ae5876157cd8ba7714cab87ef6e863f5c193536
kb_00531231	PAGE	/Users/marcel/corpus-vt/impact-kb-kranten/xml/00531231.xml	943b04d3059a6adf24ebb8c974d1fb33a96811d9bfc0e5bcf67775e51f2a6916
kb_00531232	PAGE	/Users/marcel/corpus-vt/impact-kb-kranten/xml/00531232.xml	c7f016bcbddb4ff00d8165b7bc7fab782c320ce56f3dfe9b8e949e9d467a0314
kb_00531233	PAGE	/Users/marcel/corpus-vt/impact-kb-kranten/xml/00531233.xml	184610d04c13f3f7885d5ea2808055fc1b598a27385c2d745222a689201dec7f
kb_00531234	PAGE	/Users/marcel/corpus-vt/impact-kb-kranten/xml/00531234.xml	6aa9f9afd3c8322a11736e9c52ddd174ce3fc985ff9e7bc2a37e628a5dd2a360
kb_00531235	PAGE	/Users/marcel/corpus-vt/impact-kb-kranten/xml/00531235.xml	a582006a528f9e3c8b30ac44c5d86c8b8a4cdaa86d2f1e5632b6649d145b8f20
kb_00531236	PAGE	/Users/marcel/corpus-vt/impact-kb-kranten/xml/00531236.xml	d78485ff0bf156c405b02e8a6009c020c442f083d701d7822f19d056aec9b414
kb_00531237	PAGE	/Users/marcel/corpus-vt/impact-kb-kranten/xml/00531237.xml	638cadbaaedb4259065e668b80acf78a40db12c6440cbf233619cf2d758b8e8a
kb_00531238	PAGE	/Users/marcel/corpus-vt/impact-kb-kranten/xml/00531238.xml	6e9aec90db7dd21ec1db36dbc3660a492ea4e239c94d73a20a9aa94d64c8c0f7
kb_00531239	PAGE	/Users/marcel/corpus-vt/impact-kb-kranten/xml/00531239.xml	687372327b521a55bf467225c47b799ea791d0a3b087d24f0bdb41d8b1e17bf0
kb_00531240	PAGE	/Users/marcel/corpus-vt/impact-kb-kranten/xml/00531240.xml	2e7e2aa4c30004724dab830c7085cc7a3bd20d4031bf895e9a7a31fd1c323102
kb_00531241	PAGE	/Users/marcel/corpus-vt/impact-kb-kranten/xml/00531241.xml	fb6d3969021b371048efc12a4c9375cb4b1a27913b59ab1f448e795097f150bf
kb_00531242	PAGE	/Users/marcel/corpus-vt/impact-kb-kranten/xml/00531242.xml	d180d116976030305a8f4ecb45da77e678358cc11e95e2cab80d889d0bf8b86d
kb_00531243	PAGE	/Users/marcel/corpus-vt/impact-kb-kranten/xml/00531243.xml	4c0d09b834565559a1f9c8ffa15c262aeb489b661f783f31beb610ff3b42b352
kb_00531244	PAGE	/Users/marcel/corpus-vt/impact-kb-kranten/xml/00531244.xml	f1ab08459983c0621b172ce3c096f80cafbcbab99b479483571f54d925505a4b
kb_00531245	PAGE	/Users/marcel/corpus-vt/impact-kb-kranten/xml/00531245.xml	7b0d66c68878df9807960a80e41589d98ad39bb96d24660fc1201dd782286afc
kb_00531246	PAGE	/Users/marcel/corpus-vt/impact-kb-kranten/xml/00531246.xml	b7263de91514437c454eaaf7a5dde26599a4d778a43d849693a1a83802611b66
kb_00537842	PAGE	/Users/marcel/corpus-vt/impact-kb-kranten/xml/00537842.xml	b3a999e636bc608de8b0afeffc0d12d97e85444719a89e9e77974613b4fbbbdc
kb_00537843	PAGE	/Users/marcel/corpus-vt/impact-kb-kranten/xml/00537843.xml	aac5dad57c5a23ad315cbebafd5ecbb587e6517685a052680fe5ecf07022cd41
kb_00537844	PAGE	/Users/marcel/corpus-vt/impact-kb-kranten/xml/00537844.xml	08dc7a4ffdaf5b85d926707bcd6503396b9cba0ad03f7967e1308376b0e633ce
kb_00537845	PAGE	/Users/marcel/corpus-vt/impact-kb-kranten/xml/00537845.xml	1d7cd5258988bfe8951e0aeed5017a42eaf3a85818cf33e46a3f66168f672970
kb_00537846	PAGE	/Users/marcel/corpus-vt/impact-kb-kranten/xml/00537846.xml	b9bcb77a6ec16ff6ac899d15312cc52f14c79a13bc93a090072acb358b783e6d
kb_00537847	PAGE	/Users/marcel/corpus-vt/impact-kb-kranten/xml/00537847.xml	9e513a83c5fd8c64897c4310023b7793bb361e3e09b601a18b6a7793800d6524
kb_00537848	PAGE	/Users/marcel/corpus-vt/impact-kb-kranten/xml/00537848.xml	c01ee8332cc2c4539b99afb7b5b60d5a7b2a1279990f4db02e8faef0ea3a8401
kb_00537849	PAGE	/Users/marcel/corpus-vt/impact-kb-kranten/xml/00537849.xml	2dccf9b4ab2d7d0446a81515c6ad7f956112e6edaca8a80bcfd5b0e01c044b04
kb_00537850	PAGE	/Users/marcel/corpus-vt/impact-kb-kranten/xml/00537850.xml	f124cbcce1452ddb72f14ffda8883c54443c30e49888bd0dc5372b2ffd11b81e
kb_00537851	PAGE	/Users/marcel/corpus-vt/impact-kb-kranten/xml/00537851.xml	9c2e2c52cf161101d1b72c638d18788294f7b44fac9c3e672f37f51d33a164c5
kb_00537852	PAGE	/Users/marcel/corpus-vt/impact-kb-kranten/xml/00537852.xml	597457d078c18c78e584a98dcfa77eda241caa727a7d3ca653a0ceffdebe31ca
kb_00537853	PAGE	/Users/marcel/corpus-vt/impact-kb-kranten/xml/00537853.xml	8d12d3810ccbd8fb38ef4a0797ee4cddec1ecd751ff67649d05c2c384b79675a
kb_00537854	PAGE	/Users/marcel/corpus-vt/impact-kb-kranten/xml/00537854.xml	232889ce38a280a127cf9abc0869955b999e5b757826b3c78b6d4037b2576113
kb_00537855	PAGE	/Users/marcel/corpus-vt/impact-kb-kranten/xml/00537855.xml	cbc89c4e06c822a87acd680798fe6ba8eded46ba4cfed20fa8c4dc50f1825187
kb_00537856	PAGE	/Users/marcel/corpus-vt/impact-kb-kranten/xml/00537856.xml	db15f4113f7c6f897e8c4a1fc195dc797825b9f02d73492aaecdf6aa4fd2f8d3
kb_00537857	PAGE	/Users/marcel/corpus-vt/impact-kb-kranten/xml/00537857.xml	2b2b7a0429cc3bbd9a77b4cfcf5e62bfa4a65785602dd1e840cc83e9e9ce88db
kb_00537858	PAGE	/Users/marcel/corpus-vt/impact-kb-kranten/xml/00537858.xml	765078469a4cc7bec930293a9de8a562159caed694a8db5c7627f8036352fb0f
kb_00537859	PAGE	/Users/marcel/corpus-vt/impact-kb-kranten/xml/00537859.xml	7f08c1a111e279d7741ec4b33c47c4c206647177b67e8a66bdba10de4f936b17
kb_00537860	PAGE	/Users/marcel/corpus-vt/impact-kb-kranten/xml/00537860.xml	21ec804f30dd0b28a1eecf4c3d434f4d696ec7d252133fc2304d325a8cfdba1c
kb_00537861	PAGE	/Users/marcel/corpus-vt/impact-kb-kranten/xml/00537861.xml	48be108cd48dd53a186923920777f8a29ddb7c54ae9ce04aa02c56f7adb33542
kb_00537862	PAGE	/Users/marcel/corpus-vt/impact-kb-kranten/xml/00537862.xml	73a5e6593806ba6aa9aa556817c621627ee8118892ba6a7ea50219400806a92b
kb_00537863	PAGE	/Users/marcel/corpus-vt/impact-kb-kranten/xml/00537863.xml	80ad2774c474e4b43ffa02000e373f84bf02f8a1e3f215b0ae7f31eb27c4569e
kb_00537864	PAGE	/Users/marcel/corpus-vt/impact-kb-kranten/xml/00537864.xml	8af2dd525946ab8c702d144aa658e1a3dadb8aa7ec922e2d71673a96508191ce
kb_00537865	PAGE	/Users/marcel/corpus-vt/impact-kb-kranten/xml/00537865.xml	9f31a47f84217c6539328fdbe117abe7131d5694e5e835a39ed5d0698e517d05
kb_00537866	PAGE	/Users/marcel/corpus-vt/impact-kb-kranten/xml/00537866.xml	0a3f051a9c1c8cacb207610448b222d540b6113efaf9bdd8ef9fd5b71863abd8
kb_00537867	PAGE	/Users/marcel/corpus-vt/impact-kb-kranten/xml/00537867.xml	7bf258b1114f0fb8ef6fc852bf9e56c3e7a2788684ddb170c621bab34ddffc2f
kb_00537868	PAGE	/Users/marcel/corpus-vt/impact-kb-kranten/xml/00537868.xml	703457b4160029ac7cc6f24a1d9c37fa41f0285675f42ba3e3e8d66fff5f63f8
kb_00537869	PAGE	/Users/marcel/corpus-vt/impact-kb-kranten/xml/00537869.xml	3286f6475c2224a1eaadebe0214c4f29e9e77014cea9273c168e07292081c1b4
kb_00537870	PAGE	/Users/marcel/corpus-vt/impact-kb-kranten/xml/00537870.xml	7ce26a281265e7974d72ba4fa756287c8d9c3cfd46535abe23454e75c28765e5
kb_00537871	PAGE	/Users/marcel/corpus-vt/impact-kb-kranten/xml/00537871.xml	dedda1b5ab0fcae72cfa32be3079d8e9b3dcabe40c3d5c5f81d98b6ae1dfa806
kb_00537872	PAGE	/Users/marcel/corpus-vt/impact-kb-kranten/xml/00537872.xml	93fb8d2464bb327633cc833adc24d704dcb783eed6b2c94ca08707aef4832891
kb_00537873	PAGE	/Users/marcel/corpus-vt/impact-kb-kranten/xml/00537873.xml	496d404a3a67642c39384c61c50483909c61f5c3931028b0823fbe885ead3263
kb_00537874	PAGE	/Users/marcel/corpus-vt/impact-kb-kranten/xml/00537874.xml	126ffe07797cd98b465da4bbf7fbf3d698c864f6e0694da756043eec0239e770
kb_00537875	PAGE	/Users/marcel/corpus-vt/impact-kb-kranten/xml/00537875.xml	f8a2dcebef282196f69d5653f6846e21d3c1ff881ec977cede6c9f04ba03bdce
kb_00537876	PAGE	/Users/marcel/corpus-vt/impact-kb-kranten/xml/00537876.xml	8c9af4b93cc88f7d3c2964d01669ed8092630e729ee3a7fc2a6eb3534ae9a076
kb_00537877	PAGE	/Users/marcel/corpus-vt/impact-kb-kranten/xml/00537877.xml	e7e80ae0920d4e098745ce4700546b3b73195c4df9360d864952606bb140cca4
kb_00537878	PAGE	/Users/marcel/corpus-vt/impact-kb-kranten/xml/00537878.xml	b8ed8ede510c7d314afb2ca026676e0eeef686dcf962e75a583bb276aa0be346
kb_00537879	PAGE	/Users/marcel/corpus-vt/impact-kb-kranten/xml/00537879.xml	d04670ba3b79a23cf862b521e54cf3035fe7188e573f637396e43177af96ba34
kb_00537880	PAGE	/Users/marcel/corpus-vt/impact-kb-kranten/xml/00537880.xml	ec3f0ed0f38662b2631cb24869dc1452a12682e6d6dfcb14d65dcf86645f784d
kb_00537881	PAGE	/Users/marcel/corpus-vt/impact-kb-kranten/xml/00537881.xml	083b1c6f67db7a6a22570ff640892faf35f84b710fb3ad4978767a835e3c5028
kb_00537882	PAGE	/Users/marcel/corpus-vt/impact-kb-kranten/xml/00537882.xml	f01e144d078d6a02dbf6327f42549b959b475c68910c3c94a85f9d529abcaf11
kb_00537883	PAGE	/Users/marcel/corpus-vt/impact-kb-kranten/xml/00537883.xml	1f591a5d8395097897357384650db1223113973ecf99d14c00263bde01fe4ed6
kb_00537884	PAGE	/Users/marcel/corpus-vt/impact-kb-kranten/xml/00537884.xml	cb5469390f2b5821df4cbc92103f4f937a42996c7d5adfd9c361455831cd9384
kb_00537885	PAGE	/Users/marcel/corpus-vt/impact-kb-kranten/xml/00537885.xml	f4314ce89043c3bedd95889687291763505166209d3b5cb01d3b4b4a6c807f77
kb_00537886	PAGE	/Users/marcel/corpus-vt/impact-kb-kranten/xml/00537886.xml	ca2dcf7d4d032fd6deaece0df1f0fdc749900301ef1c91e3eaade2b5eb210b5a
kb_00537887	PAGE	/Users/marcel/corpus-vt/impact-kb-kranten/xml/00537887.xml	b432d78b7b85303d0ba8f23b9030fe60771306904cb2538475a9c9e67578a328
kb_00537888	PAGE	/Users/marcel/corpus-vt/impact-kb-kranten/xml/00537888.xml	a3757804fea0b891197f41963a15376123e59a5554e5e3efcdd6bd9e8bfe39f4
kb_00537889	PAGE	/Users/marcel/corpus-vt/impact-kb-kranten/xml/00537889.xml	cff3491bf0e6410d6c74579ef4c6f504bc5b2b7b8176a7eeb9b63d8ab937fc6b
kb_00537890	PAGE	/Users/marcel/corpus-vt/impact-kb-kranten/xml/00537890.xml	fec497a347ccaf2502e7c1fd5f3d31610ca5d915f1e21a8788dade1355c3d84a
kb_00537891	PAGE	/Users/marcel/corpus-vt/impact-kb-kranten/xml/00537891.xml	2493024217447af96e6ee49e3854175ea26e90e2c358849ddf59161c01d5a3b7
kb_00537892	PAGE	/Users/marcel/corpus-vt/impact-kb-kranten/xml/00537892.xml	05f3f6ee50c912516ceec661a6895bbd501dd81e8732f28392b1378386368a18
kb_00537893	PAGE	/Users/marcel/corpus-vt/impact-kb-kranten/xml/00537893.xml	dbfb103bcdcfcbf25e572ecb017408502bb87b95f29d47c84c6f5d2b1f65d11d
kb_00537894	PAGE	/Users/marcel/corpus-vt/impact-kb-kranten/xml/00537894.xml	d92e90bb55d0a058baf71ea7c74548f92d80a32b1547cd24600900d4b7935a13
kb_00537895	PAGE	/Users/marcel/corpus-vt/impact-kb-kranten/xml/00537895.xml	8aa14343cdae70911caeaf4a332be91a2af66668a633cf77d9ac98111907e490
kb_00537896	PAGE	/Users/marcel/corpus-vt/impact-kb-kranten/xml/00537896.xml	1968b52f0d2f17dc9e68388987fede6979c684d9e4a70332ec0a22dfc568e643
kb_00537897	PAGE	/Users/marcel/corpus-vt/impact-kb-kranten/xml/00537897.xml	031c9cfd09e53dba0521f729acc079c566d057c68eaf54ac5565289c6623a878
kb_00537898	PAGE	/Users/marcel/corpus-vt/impact-kb-kranten/xml/00537898.xml	2b568dbc3ec55f309317a13893518721517e91d7058c3224b125683af882beb0
kb_00537899	PAGE	/Users/marcel/corpus-vt/impact-kb-kranten/xml/00537899.xml	381cc9921f6fdab78c71714f889a6952553b0ced13589dfd20c0185914a9afff
kb_00537900	PAGE	/Users/marcel/corpus-vt/impact-kb-kranten/xml/00537900.xml	41db1de23c3926a06240edc3df866306f5de531fd57acebaf9b344e52c52aa29
kb_00537901	PAGE	/Users/marcel/corpus-vt/impact-kb-kranten/xml/00537901.xml	2566252b90458b925f3fafa263d4dd16b6b9b756efa712dc449cf078db35f0e6
kb_00537902	PAGE	/Users/marcel/corpus-vt/impact-kb-kranten/xml/00537902.xml	0b22573579f59616270fdb766d2948ea83e0245607907f6dc8613b7b1145c43b
kb_00537903	PAGE	/Users/marcel/corpus-vt/impact-kb-kranten/xml/00537903.xml	9d29dc96c400c94cf92c5de64bc4e9e8a9dde7ee1626153e55034adbb18518e6
kb_00537904	PAGE	/Users/marcel/corpus-vt/impact-kb-kranten/xml/00537904.xml	8b4188d9a0408525c92ebadfff5734786d8981a357f6fc52797f35889114b917
kb_00537905	PAGE	/Users/marcel/corpus-vt/impact-kb-kranten/xml/00537905.xml	242285009e37eac0830e0a6fff15b51d4b45936747cf249cc9f064c89abfb86e
kb_00537906	PAGE	/Users/marcel/corpus-vt/impact-kb-kranten/xml/00537906.xml	124b37c015ef075b4cc91e22c81d7988d12127ff76a4cfebf1be667b62834846
kb_00537907	PAGE	/Users/marcel/corpus-vt/impact-kb-kranten/xml/00537907.xml	d79c36311e9d7006b78a00e3b71651ce38806ee1d79c1161872c44c50255cd3c
kb_00537908	PAGE	/Users/marcel/corpus-vt/impact-kb-kranten/xml/00537908.xml	73040d2fc7c64c4dea9d3d2e26a1d6bb6d60b4e65b68316c004dc6009c7a2253
kb_00537909	PAGE	/Users/marcel/corpus-vt/impact-kb-kranten/xml/00537909.xml	48d2e7b232a6eeb653110780fe91557745b4763fe85bb5392581cb61f7fba1e4
kb_00537910	PAGE	/Users/marcel/corpus-vt/impact-kb-kranten/xml/00537910.xml	a8ab471b8cd157b1b1e56860b22bb7e07350f4be9b6834cfda9977305c346ee1
kb_00537911	PAGE	/Users/marcel/corpus-vt/impact-kb-kranten/xml/00537911.xml	ffa567ae84d16856d32c2c452345698c75d65996039fe0e9e65059b70f1797d4
kb_00537912	PAGE	/Users/marcel/corpus-vt/impact-kb-kranten/xml/00537912.xml	12393d5b95c93d970764499adebba8f4a508850cb5c6192bfa9aae684df4c697
kb_00537913	PAGE	/Users/marcel/corpus-vt/impact-kb-kranten/xml/00537913.xml	5081d096ff0fc54fe1fab47fafde599d5c5d4e797e4c33bc3d0ff8fa6480c014
kb_00537914	PAGE	/Users/marcel/corpus-vt/impact-kb-kranten/xml/00537914.xml	4d666267cfd1c791f185dd57af02a794ea3c279a39e5690f9fa24d037693e1b6
kb_00537915	PAGE	/Users/marcel/corpus-vt/impact-kb-kranten/xml/00537915.xml	c91de08d2f8327a88ea95133001e73aa0a910683d8fdc6ee6a0d306b501e3b96
kb_00537916	PAGE	/Users/marcel/corpus-vt/impact-kb-kranten/xml/00537916.xml	3b0a8640b7fae23a8bd3e71321484919481c50d98ec12733500c2a36d71ea94a
kb_00537917	PAGE	/Users/marcel/corpus-vt/impact-kb-kranten/xml/00537917.xml	c8b4b06c03d8decd9b4ae7b4f77e5fc5fb95c1f9dd39592f5ea0985e5d56be67
kb_00537918	PAGE	/Users/marcel/corpus-vt/impact-kb-kranten/xml/00537918.xml	8a78ae5d1d49317508872f10b9c61e331ee29f00d1a657779a07aa40a9acea12
kb_00537919	PAGE	/Users/marcel/corpus-vt/impact-kb-kranten/xml/00537919.xml	897f14f6e91d37606bca2ef0a5af58f378a560db0b84605c4c294e63ab9ab49c
kb_00537920	PAGE	/Users/marcel/corpus-vt/impact-kb-kranten/xml/00537920.xml	42fcce979357ce32370e4de01f2ecfe1a0cc91e7968684cdee33cc5ddf3cda62
kb_00537921	PAGE	/Users/marcel/corpus-vt/impact-kb-kranten/xml/00537921.xml	297790accb23a0c79009b5b03db619c9f192a60c886d741bb13c84406ff04005
kb_00537922	PAGE	/Users/marcel/corpus-vt/impact-kb-kranten/xml/00537922.xml	4657e89b2878f4263329340aaf4f43f84b867a1c7d992a42d03ccb8b56cc0abc
kb_00537923	PAGE	/Users/marcel/corpus-vt/impact-kb-kranten/xml/00537923.xml	2dea4f61b5a00bb2061d5e2dada4db08a4c10aa7f99d01ac870b14f8fce7326b
kb_00537924	PAGE	/Users/marcel/corpus-vt/impact-kb-kranten/xml/00537924.xml	13a5148c0d8912652cd53b1d6f5d34c46959dba24ac943adcecfdbb069119a98
kb_00537925	PAGE	/Users/marcel/corpus-vt/impact-kb-kranten/xml/00537925.xml	ee75a961d625cc4e2405e4f73c4c490fdb8d7bd7c368f1f8aa744923f9a4ab18
kb_00537926	PAGE	/Users/marcel/corpus-vt/impact-kb-kranten/xml/00537926.xml	fa9330c1fb759e109c6fba8fe2ae739678a7b6a9784273c036e3f95ae6b1ad5c
kb_00537927	PAGE	/Users/marcel/corpus-vt/impact-kb-kranten/xml/00537927.xml	3f87d7bf0771c4edcc9c11e34042672374af6adac3408e24804bc54ab7b3fc67
kb_00537928	PAGE	/Users/marcel/corpus-vt/impact-kb-kranten/xml/00537928.xml	efd0761bfe5839ff36044fc8accabfc8605d2927b08e75af2990f7c7f0fdd62f
kb_00537929	PAGE	/Users/marcel/corpus-vt/impact-kb-kranten/xml/00537929.xml	91cc1e8089627bc0dc75bb97cf7b7e820fa26cd3b8d238defe0dce0efd10fde8
kb_00537930	PAGE	/Users/marcel/corpus-vt/impact-kb-kranten/xml/00537930.xml	eaba56a19387cc595ce89fd98f275d2f2fa54b79c86a19a59f8607ce542d2e30
kb_00537931	PAGE	/Users/marcel/corpus-vt/impact-kb-kranten/xml/00537931.xml	ddd7b2ed7d4efc6c6ae2d8e943bf8819c1933495edcf0719e8d8de11cc0b2516
kb_00537932	PAGE	/Users/marcel/corpus-vt/impact-kb-kranten/xml/00537932.xml	c506a6b7b900ccef2e6c592798f76f53d4478aeff02fd304f3a77548e455b27e
kb_00537933	PAGE	/Users/marcel/corpus-vt/impact-kb-kranten/xml/00537933.xml	c3766dc134bbeae75ac70b9942627178c03742c66bc66a2a3c03eed9ae312ef2
kb_00537934	PAGE	/Users/marcel/corpus-vt/impact-kb-kranten/xml/00537934.xml	8819e93426376cb284e9b6e5cfacb9b25d4d6c5d46f04711800792175ee87b4f
kb_00537935	PAGE	/Users/marcel/corpus-vt/impact-kb-kranten/xml/00537935.xml	a4765952c4c99cb86d8c4efd26d125c539c46f33c5ce12e0020c54956b454ff2
kb_00537936	PAGE	/Users/marcel/corpus-vt/impact-kb-kranten/xml/00537936.xml	d8a96a9148b9b0f738e78ba83c8e3ff9f8c591dffd74d3f999174a7daae4562c
kb_00537937	PAGE	/Users/marcel/corpus-vt/impact-kb-kranten/xml/00537937.xml	49fc7f8cb48ef85e959aa890ee4af8a6dfe4a049a89e2b528da3b48ed489db6b
kb_00537938	PAGE	/Users/marcel/corpus-vt/impact-kb-kranten/xml/00537938.xml	f442b69db418631ce6e960c7f66bfd2d3174ae0d126aa878e32fc3019064f972
kb_00537939	PAGE	/Users/marcel/corpus-vt/impact-kb-kranten/xml/00537939.xml	cbd5d368ccd8d4a5ea3c8d00b6def1bdfcf9609a464e680d9fc42ebb2617c88e
kb_00537940	PAGE	/Users/marcel/corpus-vt/impact-kb-kranten/xml/00537940.xml	58946d9011c7fa84697f793a3320ea834f9e9189b966d4f5079f3ce95f0e30f7
kb_00537941	PAGE	/Users/marcel/corpus-vt/impact-kb-kranten/xml/00537941.xml	7d5cf738927c498de2eeb20009166e9a37e8961ec5a4eed53b57b69e95e33bc8
kb_00537942	PAGE	/Users/marcel/corpus-vt/impact-kb-kranten/xml/00537942.xml	911d29cb0aeb0b706926b1b3d2dc98e324116418c6ceab37266a1832afcde59e
kb_00537943	PAGE	/Users/marcel/corpus-vt/impact-kb-kranten/xml/00537943.xml	5ac2c882dba66aae6bd29dfb405af11f82044762b8c4a2ec56ffaff843a37468
kb_00537944	PAGE	/Users/marcel/corpus-vt/impact-kb-kranten/xml/00537944.xml	fc3b41a58bcaeb2efe52b1c4ea4b081677400c7a8d0be03630b71374e8d6b003
kb_00537945	PAGE	/Users/marcel/corpus-vt/impact-kb-kranten/xml/00537945.xml	f7ef4620cd91c2ce731cabc20cdd514f25dbd532f536ac62894cfc144b000307
kb_00537946	PAGE	/Users/marcel/corpus-vt/impact-kb-kranten/xml/00537946.xml	ad543ca40c1fd74f59b4121d1cd24e988f6c76674c624ba3f15335e40c972f27
kb_00537947	PAGE	/Users/marcel/corpus-vt/impact-kb-kranten/xml/00537947.xml	779148fe3fa0aa16251c0d83d8b4146b0dfbd00be42e94e3db843a463162cdb8
kb_00537948	PAGE	/Users/marcel/corpus-vt/impact-kb-kranten/xml/00537948.xml	1f3caabf8449d7865bfbe7d9dc25f35201ab771d7b62d941f35e68b96c07971c
kb_00537949	PAGE	/Users/marcel/corpus-vt/impact-kb-kranten/xml/00537949.xml	30c90d057ab8793a2333a4073c6e5e618d9637dd5d44405c13d68e9f7e2a3feb
kb_00537950	PAGE	/Users/marcel/corpus-vt/impact-kb-kranten/xml/00537950.xml	7ce55678dcca24b741e67e4fb56d3e3601d3dac4e235405cc4f97e62078f0fa1
kb_00537951	PAGE	/Users/marcel/corpus-vt/impact-kb-kranten/xml/00537951.xml	0b0f0ffbccd4c8a35bef52651b5fbe909906070e10810fe55a49d406c98f70f5
kb_00537952	PAGE	/Users/marcel/corpus-vt/impact-kb-kranten/xml/00537952.xml	e273ba079e491be06330e1689801a339ac01bf4b839a01a2ede38b4191b7ae39
kb_00537953	PAGE	/Users/marcel/corpus-vt/impact-kb-kranten/xml/00537953.xml	cd98ae86a87d2ef039378d4ab362aa954f40db145ebcc784639e75294f3e2288
kb_00537954	PAGE	/Users/marcel/corpus-vt/impact-kb-kranten/xml/00537954.xml	c89d7e38b143c1de19d950b6116969c6371806efe8f509dcb95e5f2eb6d061cf
kb_00537955	PAGE	/Users/marcel/corpus-vt/impact-kb-kranten/xml/00537955.xml	fb653693f2e852c38e781a92f39188ed6e1ef0f7eda51786f57dcf05f816366f
kb_00537956	PAGE	/Users/marcel/corpus-vt/impact-kb-kranten/xml/00537956.xml	b491b93b6a0768eb879334049e0fe1ecee3ad96d2af3fd5f67cf3c3a0b57b143
kb_00537957	PAGE	/Users/marcel/corpus-vt/impact-kb-kranten/xml/00537957.xml	75b45db3d00e268c7c64345460295854a0dab59365d8374a52566292289cd4cb
kb_00537958	PAGE	/Users/marcel/corpus-vt/impact-kb-kranten/xml/00537958.xml	553f8ccf5b3eb46673e6eb9b1cfd605690cd342b6f8a5ade1a148221eaeb104e
kb_00537959	PAGE	/Users/marcel/corpus-vt/impact-kb-kranten/xml/00537959.xml	3b105d7da20b57be0957d4ee7cce809a2bd599da4fce2f9374d7e631977fc8d9
kb_00537960	PAGE	/Users/marcel/corpus-vt/impact-kb-kranten/xml/00537960.xml	1664384877598abc68140560f196d30fb8fd6a4890841a4a444a56f64549175e
kb_00537961	PAGE	/Users/marcel/corpus-vt/impact-kb-kranten/xml/00537961.xml	b50ab896fa6c37a2d8aae9b8f4049593e83a162f91585f1a25490055de04fd5f
kb_00537962	PAGE	/Users/marcel/corpus-vt/impact-kb-kranten/xml/00537962.xml	af566d91259c87978735851cb05ce4d9f22bc01c7eb42d2b4c1da68df7016cd3
kb_00537963	PAGE	/Users/marcel/corpus-vt/impact-kb-kranten/xml/00537963.xml	239b437c4d27a427f526356e349974472a0e0559915e1377e970520a647913fc
kb_00537964	PAGE	/Users/marcel/corpus-vt/impact-kb-kranten/xml/00537964.xml	510888aa869c8b4d051983a588fa1b7eabd84daf202428be14534a99d30fc145
kb_00537965	PAGE	/Users/marcel/corpus-vt/impact-kb-kranten/xml/00537965.xml	18b65168a07626594c08f5feaa5dd033cf73f99cbca16ce9c68284f33b22c506
kb_00537966	PAGE	/Users/marcel/corpus-vt/impact-kb-kranten/xml/00537966.xml	b9d4d6fd5900720da9199e4f65eb17c4ef6b77d06dcbf0931c40f6c8f38578b1
kb_00537967	PAGE	/Users/marcel/corpus-vt/impact-kb-kranten/xml/00537967.xml	01cba960b29ef563838d89a1725861572f7435f21ff668897155ab754a1dbb21
kb_00537968	PAGE	/Users/marcel/corpus-vt/impact-kb-kranten/xml/00537968.xml	d03a5181181e42204ff5cb96c3f22e248731ca2e1133e12c92503b97a893fd06
kb_00537969	PAGE	/Users/marcel/corpus-vt/impact-kb-kranten/xml/00537969.xml	97b8a0e73e0d28f3d9d6b96c37e64948439daedce04ff356a4f78f7549b9ae22
kb_00537970	PAGE	/Users/marcel/corpus-vt/impact-kb-kranten/xml/00537970.xml	1e7dff7f71ce44b97f8a6d3a35240e0bd919d6dee1040aa818aefd4596ec0353
kb_00537971	PAGE	/Users/marcel/corpus-vt/impact-kb-kranten/xml/00537971.xml	1519ddf454cb1afc6fed3805e77807792d3a2bdab46967e2c868ec788d5c8980
kb_00537972	PAGE	/Users/marcel/corpus-vt/impact-kb-kranten/xml/00537972.xml	d7ae9cebb1fe4d995d2a714e120668d9e5b52e97f9f5a71ed201836ddac0eed8
kb_00537973	PAGE	/Users/marcel/corpus-vt/impact-kb-kranten/xml/00537973.xml	0890c7c26ef6a6a0187fac86a8f622345ecb764a780f9049928a90d91e367954
kb_00537974	PAGE	/Users/marcel/corpus-vt/impact-kb-kranten/xml/00537974.xml	49e515fadb4b2fcd8b91239042d9bbd8f5c5c4f60183660caec010fb39fbd7dc
kb_00537975	PAGE	/Users/marcel/corpus-vt/impact-kb-kranten/xml/00537975.xml	7db05860fbf929609a1aa33882204ca1b77b2b95514ed14abc7a52c04745638a
kb_00537976	PAGE	/Users/marcel/corpus-vt/impact-kb-kranten/xml/00537976.xml	a6e85b71462f027a2b26e477d4cae38220a84020e49657090c53e42ed56c7dd8
kb_00537977	PAGE	/Users/marcel/corpus-vt/impact-kb-kranten/xml/00537977.xml	958509bcbbf1a8244d5672d535e26c32d7543a2874c80ef780acd74746a78dfb
kb_00537978	PAGE	/Users/marcel/corpus-vt/impact-kb-kranten/xml/00537978.xml	8a7e5de113d25a8970a37bca39021bbea38742d0c2e5e49bd04880350a9781a0
kb_00537979	PAGE	/Users/marcel/corpus-vt/impact-kb-kranten/xml/00537979.xml	7de7211e1a7a3eaec83ba56f8006d01b0245a675c9dc7b7aef1f4389ac502edb
kb_00537980	PAGE	/Users/marcel/corpus-vt/impact-kb-kranten/xml/00537980.xml	f1e12400528267262747d99e4d68e20751329ec3b39912fdfc26ec99392203b4
kb_00537981	PAGE	/Users/marcel/corpus-vt/impact-kb-kranten/xml/00537981.xml	344abf2927a5b364def674c7e21c85adf21ac4b15ba3e51100c4cb8916c19fb6
kb_00537982	PAGE	/Users/marcel/corpus-vt/impact-kb-kranten/xml/00537982.xml	c8c8871001c6b5bef7c099e363c0b3d5e93f71a90b5fe075a27261153247a178
kb_00537983	PAGE	/Users/marcel/corpus-vt/impact-kb-kranten/xml/00537983.xml	6225c4417554a170ed0eac222705a8cac4a53decedac4f20043d2ea0a42c62a1
kb_00537984	PAGE	/Users/marcel/corpus-vt/impact-kb-kranten/xml/00537984.xml	901a60e5bc010be3b739abf241888d2ba3bc78ef7b060c781ff788b0613ac6e8
kb_00537985	PAGE	/Users/marcel/corpus-vt/impact-kb-kranten/xml/00537985.xml	ebef5e556b8802bdcc405a18976a9ec4e6e1a9cb8055e52c5a865d6b2c7d43a2
kb_00537986	PAGE	/Users/marcel/corpus-vt/impact-kb-kranten/xml/00537986.xml	7420677ae6ea03ed53cbd7330d9be5465cd52535ee81c5c55bc91cb0a4457d9a
kb_00537987	PAGE	/Users/marcel/corpus-vt/impact-kb-kranten/xml/00537987.xml	31dfb604d60544fbdd11207863d331c0476e78926a006d44f8857b4e63085e43
kb_00537988	PAGE	/Users/marcel/corpus-vt/impact-kb-kranten/xml/00537988.xml	924d75bcdb1e4283aea6d377026e88beafbae56b9cbd6e7fd66c6797aa4460c4
kb_00537989	PAGE	/Users/marcel/corpus-vt/impact-kb-kranten/xml/00537989.xml	1e68cd1823f056f9966091603622dba987801be00da2351dcd0ca6f260c5e0a9
kb_00537990	PAGE	/Users/marcel/corpus-vt/impact-kb-kranten/xml/00537990.xml	393481d5387eb1ce730dbf3d7048bddce60daf7af2ee27ae206bba8966982ffa
kb_00537991	PAGE	/Users/marcel/corpus-vt/impact-kb-kranten/xml/00537991.xml	c072724fdd3adf017a2933409e8e8365f0c3e773068df492d23467aa11f9618e
kb_00537992	PAGE	/Users/marcel/corpus-vt/impact-kb-kranten/xml/00537992.xml	fd57bef6137d42ab15a77a723821f94324a5fcdff22ff348bb386238fe5c09ac
kb_00537993	PAGE	/Users/marcel/corpus-vt/impact-kb-kranten/xml/00537993.xml	9651fbdb253030de084703f8dc6a5efe26293f2e05bfe07bff4e530185c5f87e
kb_00537994	PAGE	/Users/marcel/corpus-vt/impact-kb-kranten/xml/00537994.xml	524d3a24aa745046ee05eeae3165990d73d26f373a40592761a5e4744e04f933
kb_00537995	PAGE	/Users/marcel/corpus-vt/impact-kb-kranten/xml/00537995.xml	d16124160cdb1e14019f9662035c3fa980a143aff37833216ec1e3c221d512e9
kb_00537996	PAGE	/Users/marcel/corpus-vt/impact-kb-kranten/xml/00537996.xml	00820ef02c84e7da6d4fa679d17d61668845c65f905daf7a758fa6d1e9f700bf
kb_00537997	PAGE	/Users/marcel/corpus-vt/impact-kb-kranten/xml/00537997.xml	2faa93c7354c3bca873b0b9265d015dd9954da8f16fd4dd97567efd7f0027ad6
kb_00537998	PAGE	/Users/marcel/corpus-vt/impact-kb-kranten/xml/00537998.xml	1609f1108e23d39c316427533d6b3a8a9a07062b5bb01397ca653db8cd72efc3
kb_00537999	PAGE	/Users/marcel/corpus-vt/impact-kb-kranten/xml/00537999.xml	57448a3035428ea75892e6c85a13c740b4e0f21776c8d19196dd174aff927a01
kb_00538000	PAGE	/Users/marcel/corpus-vt/impact-kb-kranten/xml/00538000.xml	194d1106fea7f1abda73cb5740f415fa03be8e33adffe9be2fc7a866f35120f9
kb_00538001	PAGE	/Users/marcel/corpus-vt/impact-kb-kranten/xml/00538001.xml	127222922e13254bf5c9473fa50c1974cedeb5d42780d6016c07ace7a0b2362d
kb_00538002	PAGE	/Users/marcel/corpus-vt/impact-kb-kranten/xml/00538002.xml	0f38a740c1af4a93df30d2ab302930b59d55b0e83f92ab5a1b0e4207534ecd7d
kb_00538003	PAGE	/Users/marcel/corpus-vt/impact-kb-kranten/xml/00538003.xml	984e6ba2fa0f63592e5143f9cc576687274a777d551060470be0be89ffc38004
kb_00538004	PAGE	/Users/marcel/corpus-vt/impact-kb-kranten/xml/00538004.xml	67d3db754ed134bd812f8eca8a670c560381a0b37cdaa6539ccd7fe5df1f3024
kb_00538005	PAGE	/Users/marcel/corpus-vt/impact-kb-kranten/xml/00538005.xml	dfedb7a8903b20aad308bc79be8d79e248f65ad6658024b94a2506157c254916
kb_00538006	PAGE	/Users/marcel/corpus-vt/impact-kb-kranten/xml/00538006.xml	91f97f7c7c2827c10a75740ef97522f25d5bddb86aeb144ebab98e1eb518e691
kb_00538007	PAGE	/Users/marcel/corpus-vt/impact-kb-kranten/xml/00538007.xml	80445cc7625ea2bf6b039522f266035a3e5670b5a83f9a4a2bc2c5fc64f2e2a3
kb_00538008	PAGE	/Users/marcel/corpus-vt/impact-kb-kranten/xml/00538008.xml	f5375bd2ce0c82f2312489dcf15abf3b88693e0c50ee3d6396620bd6186a6a6a
kb_00538009	PAGE	/Users/marcel/corpus-vt/impact-kb-kranten/xml/00538009.xml	b9cd62d36f44e6eb742c589a9585885b6dac1bd0888e65f6bca274476d14555b
kb_00538010	PAGE	/Users/marcel/corpus-vt/impact-kb-kranten/xml/00538010.xml	edb9ecf91aa22b0146418c061886935fdd376d81a24fd8f00c32a5b43352a59b
kb_00538011	PAGE	/Users/marcel/corpus-vt/impact-kb-kranten/xml/00538011.xml	221ffa223ebeec72c9bea0e8d5526c933f0f7cd4d7f63841831f4ebd5993fb07
kb_00538012	PAGE	/Users/marcel/corpus-vt/impact-kb-kranten/xml/00538012.xml	c56763a0afc7275481d27cdbccdf94accbb22d737ccb05a43b0f8ae6409ac36a
kb_00538013	PAGE	/Users/marcel/corpus-vt/impact-kb-kranten/xml/00538013.xml	51352a5a58a0881f30cf657dbd71a8ce74fb99ff8179d8df10c6433663b62588
kb_00538014	PAGE	/Users/marcel/corpus-vt/impact-kb-kranten/xml/00538014.xml	a6d16a163398e0504146eaf89286a9108b0a9b40c647eee3e92e84f7ed930adc
kb_00538015	PAGE	/Users/marcel/corpus-vt/impact-kb-kranten/xml/00538015.xml	2c07e58fb24d85ae5f7faccdfb1e90d77c605ddd84d557f2be41e4ce1efceec8
kb_00538016	PAGE	/Users/marcel/corpus-vt/impact-kb-kranten/xml/00538016.xml	a0c0447c30e58d1de5f053f3a37911c4369bf80a3e4f2138eba9d4a92da16731
kb_00538017	PAGE	/Users/marcel/corpus-vt/impact-kb-kranten/xml/00538017.xml	16fde63ac3f2a865bce3a9e1b137b341bea8af7c9096bba4d358bf0e18c3a856
kb_00538018	PAGE	/Users/marcel/corpus-vt/impact-kb-kranten/xml/00538018.xml	11759862f686be27d30d2a95ab6c7614bb68c6877887784e2e1b9f5b99d636c9
kb_00538019	PAGE	/Users/marcel/corpus-vt/impact-kb-kranten/xml/00538019.xml	3352a54cb94a36ac39c8a96feffefffdaea1003718b5f9bdae0472c8b5844a7b
kb_00538020	PAGE	/Users/marcel/corpus-vt/impact-kb-kranten/xml/00538020.xml	eb56d25a4e4eb7528d9f410c273798f2df079ce1032470df1576fd859062cb67
kb_00538021	PAGE	/Users/marcel/corpus-vt/impact-kb-kranten/xml/00538021.xml	2c22ec7da427c7d970f00e52451ed733c059489a762b29360a888957468a255a
kb_00538022	PAGE	/Users/marcel/corpus-vt/impact-kb-kranten/xml/00538022.xml	62520ca7d921ecf335461fe6d996aa2dd6204c27d87ef57308ddfacc1059de80
kb_00538023	PAGE	/Users/marcel/corpus-vt/impact-kb-kranten/xml/00538023.xml	196fa6d29227ca752ffb382447ca49ffd59190966bbecae39c2db41c7baf249f
kb_00538024	PAGE	/Users/marcel/corpus-vt/impact-kb-kranten/xml/00538024.xml	41eb7131c2a685564e2f97b4ba68cd658f66c8f7b7c076a4d03d1cf07059e864
kb_00538025	PAGE	/Users/marcel/corpus-vt/impact-kb-kranten/xml/00538025.xml	62ae6455064dc8c8a25bf434c8aa8da131a4d56c5c001b1d4df256613e115021
kb_00538026	PAGE	/Users/marcel/corpus-vt/impact-kb-kranten/xml/00538026.xml	330a38ffba0607d2d3975a99d3cfdc6af0adaccc77f5d7924c5044f1d61ef6bd
kb_00538027	PAGE	/Users/marcel/corpus-vt/impact-kb-kranten/xml/00538027.xml	ee31b9d9ab0cbfbde748d24c2d1c3147c7e8f26fcc6cba66fbe10136484be1e2
kb_00538028	PAGE	/Users/marcel/corpus-vt/impact-kb-kranten/xml/00538028.xml	9a3fc0534bbc74fdeee43f6f6f18156edbc36d09576e2265177d276c8de07c6e
kb_00538029	PAGE	/Users/marcel/corpus-vt/impact-kb-kranten/xml/00538029.xml	e0e2759b2997bc0be92ece177cf0ea09f3fa516206816a54f2be9e7af8bd821f
kb_00538030	PAGE	/Users/marcel/corpus-vt/impact-kb-kranten/xml/00538030.xml	b838b051dac3d522dc3fe6fdfc0ec81a637dd77740ecfccd81381f4cc9b75be8
kb_00538031	PAGE	/Users/marcel/corpus-vt/impact-kb-kranten/xml/00538031.xml	af3f583fe63b62898f2a0c76ba35924dfc9dd71d25611f1b248b4479c365926d
kb_00538032	PAGE	/Users/marcel/corpus-vt/impact-kb-kranten/xml/00538032.xml	4ae86903a99e6dcd520ee7ea8a30ddd6261d2fc1fc1222fdcfa3426b55a38816
kb_00538033	PAGE	/Users/marcel/corpus-vt/impact-kb-kranten/xml/00538033.xml	e8e7afd5b1da00037ce6045f376fe5523964ca0b1e2d6ccfcfb9c9f9d5b3fff1
kb_00538034	PAGE	/Users/marcel/corpus-vt/impact-kb-kranten/xml/00538034.xml	42ff3d0d9271a464bea014c777d1ef5e57b5423347c9ba0f659c03e51ac4b274
kb_00538035	PAGE	/Users/marcel/corpus-vt/impact-kb-kranten/xml/00538035.xml	9ddc826bc00ee78075eda9c827ea5da4a023a84d5e9d36fbb9ef5c1269b60a3e
kb_00538036	PAGE	/Users/marcel/corpus-vt/impact-kb-kranten/xml/00538036.xml	78ecd64d8d61d1903d178757bfafaebaf0f12ee311b34f9a0cc9eeb07464f1dd
kb_00538037	PAGE	/Users/marcel/corpus-vt/impact-kb-kranten/xml/00538037.xml	685db44b02264da30b0b25c8bca515cff826c8cd10245558ebb9726b9b2cdb8d
kb_00538038	PAGE	/Users/marcel/corpus-vt/impact-kb-kranten/xml/00538038.xml	26e63cfdb6178daf21d54b7bca5ab7da43d82fcbf83d8cf958129bec4f57ee3f
kb_00538039	PAGE	/Users/marcel/corpus-vt/impact-kb-kranten/xml/00538039.xml	294ffcbee0095dbe88966249c0af25138f096f4ad7c72bf62ee67eb1a640dcbb
kb_00538040	PAGE	/Users/marcel/corpus-vt/impact-kb-kranten/xml/00538040.xml	c61ef005894837569daf913c50403e1034f2f4237296f91895f9183ede71508f
kb_00538041	PAGE	/Users/marcel/corpus-vt/impact-kb-kranten/xml/00538041.xml	adafcce0be9b364a3b7223482016c515764d7f02393ced37bdb4aa47f5df7110
kb_00538042	PAGE	/Users/marcel/corpus-vt/impact-kb-kranten/xml/00538042.xml	f5d650838cf16652e05603fcf2975ebf71109d9a259a7e51bb82c7b32e4d2e98
kb_00538043	PAGE	/Users/marcel/corpus-vt/impact-kb-kranten/xml/00538043.xml	e8b50140b4e125b697eb5cb8a7baa9013154e45df61097b08f2666f1e24770e6
kb_00538044	PAGE	/Users/marcel/corpus-vt/impact-kb-kranten/xml/00538044.xml	18a9732ee4b6eddd0bb6cf079d227d41b65c01a37cbced7e2a137cf9e2098304
kb_00538045	PAGE	/Users/marcel/corpus-vt/impact-kb-kranten/xml/00538045.xml	088ca36fd4a49e1b9741d2cabb206fad56f4dfac3ee646fa4a95b92fd2e74444
kb_00538046	PAGE	/Users/marcel/corpus-vt/impact-kb-kranten/xml/00538046.xml	a8203463387d2fd1c9b5f3bb616e0aa87bb4e9275a79e51527a8b1070a454a48
kb_00538047	PAGE	/Users/marcel/corpus-vt/impact-kb-kranten/xml/00538047.xml	4d9d91fb25f7cd73573c96a3e8a1ce0c71400b1de85b1d8ee39d397a336c7440
kb_00538048	PAGE	/Users/marcel/corpus-vt/impact-kb-kranten/xml/00538048.xml	bf37b2e101f7e84247d4235dddccb2354e248dfa3e28896f669e112d52ec8892
kb_00538049	PAGE	/Users/marcel/corpus-vt/impact-kb-kranten/xml/00538049.xml	8b90eca974f4e33f4aeab27cefa26959229eaad9bf904c28c8bf2ad27c10efad
kb_00538050	PAGE	/Users/marcel/corpus-vt/impact-kb-kranten/xml/00538050.xml	90613dcb369b776997a623cd3bb9eba2ebea5ba1442cd4475b82f0b9ff06badc
kb_00538051	PAGE	/Users/marcel/corpus-vt/impact-kb-kranten/xml/00538051.xml	0c5fc6a51528a597ef410847ec0cbb903cc2a181b2534dd4c63010661e953082
kb_00538052	PAGE	/Users/marcel/corpus-vt/impact-kb-kranten/xml/00538052.xml	bd2b2e1d09a1aef6db0fb203ab1ae585c82bebadcdf7a35b4771e6573143d684
kb_00538053	PAGE	/Users/marcel/corpus-vt/impact-kb-kranten/xml/00538053.xml	cacc9fd32fe98b375136b109d96f0cf3ad1a760c7c8271667ea39a894e285536
kb_00538054	PAGE	/Users/marcel/corpus-vt/impact-kb-kranten/xml/00538054.xml	e4d1c14f0d75ea91a21264eda1ec60bd8f05afc812808f3e9786db82ed13d14a
kb_00538055	PAGE	/Users/marcel/corpus-vt/impact-kb-kranten/xml/00538055.xml	3ed34bd73d349292dd5753d64966193554606d2e9fbb798d86753819a3d8585a
kb_00538056	PAGE	/Users/marcel/corpus-vt/impact-kb-kranten/xml/00538056.xml	34e23637331370bd375176871ad1be21938bd52654c5d2a274f8d644b73d417b
kb_00538057	PAGE	/Users/marcel/corpus-vt/impact-kb-kranten/xml/00538057.xml	82591821c157c951b4fbae0ccf886211dc1019f37106fa0730733b723a955aa8
kb_00538058	PAGE	/Users/marcel/corpus-vt/impact-kb-kranten/xml/00538058.xml	05294558dd895d2886b41b82c1e287e85520f27f363201a6ed6e3ca2ca858ffa
kb_00538059	PAGE	/Users/marcel/corpus-vt/impact-kb-kranten/xml/00538059.xml	c66df5d3728b46c2343770d532f7c43c347bcb0c23a9f81dcd1f5cf9722aaa69
kb_00538060	PAGE	/Users/marcel/corpus-vt/impact-kb-kranten/xml/00538060.xml	cc9f0fd57cefcc6c1b8d6b164390b1e1ffd6b0c39503fdddc44e18a18dc70a7c
kb_00538061	PAGE	/Users/marcel/corpus-vt/impact-kb-kranten/xml/00538061.xml	c0d23d3e2f85a47cc846d8fd89d0405315da2711c81ec22f6349319e897d39c6
kb_00538062	PAGE	/Users/marcel/corpus-vt/impact-kb-kranten/xml/00538062.xml	d51e76f5006ce0584df2d5483a7dd882ec9f5d08d18536c82355aebafd532dd0
kb_00538063	PAGE	/Users/marcel/corpus-vt/impact-kb-kranten/xml/00538063.xml	787b0d76d3eb5e106a78aa17793665e1a1878a295d76028fcfc9faf82e981916
kb_00538064	PAGE	/Users/marcel/corpus-vt/impact-kb-kranten/xml/00538064.xml	564b5225c799277d2b9cfb748180134fbee8af11627cddb4bbd9626f365a817c
kb_00538065	PAGE	/Users/marcel/corpus-vt/impact-kb-kranten/xml/00538065.xml	8f66ba7e294baf51121278ee0b0a9eab5dbcb2a87d793a1cb86418314500460f
kb_00538066	PAGE	/Users/marcel/corpus-vt/impact-kb-kranten/xml/00538066.xml	66cf0536b75e6da395bef7f87cb3e6a64e36431b08818c524f3e5047e74dbcd2
kb_00538067	PAGE	/Users/marcel/corpus-vt/impact-kb-kranten/xml/00538067.xml	74d92fa8feccfa09afcfc832c2d33212b0242658ae4bd5aa94bad8039703f9a4
kb_00538068	PAGE	/Users/marcel/corpus-vt/impact-kb-kranten/xml/00538068.xml	5cf2aed7b049c6a5c44fb388fca03c64bbeb8618262b6de5739a172a1fc6e655
kb_00538069	PAGE	/Users/marcel/corpus-vt/impact-kb-kranten/xml/00538069.xml	2ce4bb04898ef7d0f25a34d7319548693c6fcd49e30e306d699203eb7de1a096
kb_00538070	PAGE	/Users/marcel/corpus-vt/impact-kb-kranten/xml/00538070.xml	739abcde8d2f7f40a902e955f68d1b09bd855e7643c019d78f634406072615d2
kb_00538071	PAGE	/Users/marcel/corpus-vt/impact-kb-kranten/xml/00538071.xml	90964231a3e459fe65f3159c0b92a2cf26a799bcec039bb5ec75202a9cb6501c
kb_00538072	PAGE	/Users/marcel/corpus-vt/impact-kb-kranten/xml/00538072.xml	ecdeca31d774ba9b6ebf87444fd657f0420b92b128bbc4df1088fda2b7577810
kb_00538073	PAGE	/Users/marcel/corpus-vt/impact-kb-kranten/xml/00538073.xml	5b64e28a65761b5a22939017ebcef3952a2ee7f948e97923bdf41c7b12be5b1a
kb_00538074	PAGE	/Users/marcel/corpus-vt/impact-kb-kranten/xml/00538074.xml	e59f4f1ddade05aecbec710e16b9bdb5da6bb903d805b08f910f4991211dd89b
kb_00538075	PAGE	/Users/marcel/corpus-vt/impact-kb-kranten/xml/00538075.xml	bb2d61c93bea02b6d0904c84c418e1f7fd8613dab9cdcf20afcc852b061c3895
kb_00538076	PAGE	/Users/marcel/corpus-vt/impact-kb-kranten/xml/00538076.xml	883d0d1f3837f443893a6864f3818ebee0e7c8ed61d318d749d7d3ad4f4714bc
kb_00538077	PAGE	/Users/marcel/corpus-vt/impact-kb-kranten/xml/00538077.xml	fb2c89164835d1babea9c5979ebd9e7fb006f069271da42f05ec3da3b41f9f15
kb_00538078	PAGE	/Users/marcel/corpus-vt/impact-kb-kranten/xml/00538078.xml	6d1a84b8b9beab66b8058f8ae283ad31a04a3a2a26a37fdadc8a1fa6abddb86d
kb_00538079	PAGE	/Users/marcel/corpus-vt/impact-kb-kranten/xml/00538079.xml	c1b9252c76d654144370c319fc7af30241afece1e696879af2ca7f2e1734c51e
kb_00538080	PAGE	/Users/marcel/corpus-vt/impact-kb-kranten/xml/00538080.xml	b9be81ffb3e010ea1556fe32bc9514b7022a3bc6f45fa1dfd8588ceaf18b1bb3
kb_00538081	PAGE	/Users/marcel/corpus-vt/impact-kb-kranten/xml/00538081.xml	6c01240c0e7d5941d1f5415dc5683d7d948fad1fc60ae04dd9309411229058f2
kb_00538082	PAGE	/Users/marcel/corpus-vt/impact-kb-kranten/xml/00538082.xml	8997089a7db6fdca03be625bb3561966888adaa5b740fe4a513b008772073ec5
kb_00538083	PAGE	/Users/marcel/corpus-vt/impact-kb-kranten/xml/00538083.xml	d587612e21f6184366b6e576ef3494346077ff8b44932d7367fa761c695a4fe6
kb_00538084	PAGE	/Users/marcel/corpus-vt/impact-kb-kranten/xml/00538084.xml	538d7653fa522b35b9a06489e3c189a7a11a6711ae388286d5cf943be8bf358b
kb_00538085	PAGE	/Users/marcel/corpus-vt/impact-kb-kranten/xml/00538085.xml	f1a61b4252412fd390a29ab5311b87b5dc1412b2304261b1b93d4b2927a16a56
kb_00538086	PAGE	/Users/marcel/corpus-vt/impact-kb-kranten/xml/00538086.xml	13f247c96425630138e99a3f1e601365eb36bf8f5525e0b85c8458e9ae429711
kb_00538087	PAGE	/Users/marcel/corpus-vt/impact-kb-kranten/xml/00538087.xml	e695f95560961086f56de0c7f74f89dd722dce0e4369197771441344c6dc7621
kb_00538088	PAGE	/Users/marcel/corpus-vt/impact-kb-kranten/xml/00538088.xml	3d66cec823618427794e3b8070ac5c83fe4428f7e47f2736bb84708b94f29f51
kb_00538089	PAGE	/Users/marcel/corpus-vt/impact-kb-kranten/xml/00538089.xml	b7ebaabd84aec1b71b0bd78e990652a741997aa1191848f45daec45cc819ad99
kb_00538090	PAGE	/Users/marcel/corpus-vt/impact-kb-kranten/xml/00538090.xml	0491d4429fd7f16e6b736641e306910a231269fb2481e25557e74e85197ed084
kb_00538091	PAGE	/Users/marcel/corpus-vt/impact-kb-kranten/xml/00538091.xml	8100f0b1d2c88cea9fc16b48cbf0e0e70e7bafa48e6007235a0035e0fe6061dc
kb_00538092	PAGE	/Users/marcel/corpus-vt/impact-kb-kranten/xml/00538092.xml	f1328cec68fd2c09ad16331d91df2a0c0020b2bad248fc5c651ed502a3756484
kb_00538093	PAGE	/Users/marcel/corpus-vt/impact-kb-kranten/xml/00538093.xml	ba5013b9643f05e19c13827ccb06e353a34be76ef7c9a80af0143246aab3c0d4
kb_00538094	PAGE	/Users/marcel/corpus-vt/impact-kb-kranten/xml/00538094.xml	cea2dc8b901071b418096cd4413857d1d94e4a036e676ec68711759ee83f55f9
kb_00538095	PAGE	/Users/marcel/corpus-vt/impact-kb-kranten/xml/00538095.xml	a792ce742bba5e7bab1bc9383f6f5d70df72f25f35e9b673c757153425163089
kb_00538096	PAGE	/Users/marcel/corpus-vt/impact-kb-kranten/xml/00538096.xml	95a073ded2c6b3597669c6ea176db466628051393b113a0bfd1088cc87391856
kb_00538097	PAGE	/Users/marcel/corpus-vt/impact-kb-kranten/xml/00538097.xml	3318316eac984a77a5bc5ae36ef26fb33b218b350272638cbcee6c6bb5ad3d47
kb_00538098	PAGE	/Users/marcel/corpus-vt/impact-kb-kranten/xml/00538098.xml	bdc6ca332ef9ffddbaabeb1230089205f09aacc03c68865bfc339651e4c2e603
kb_00538099	PAGE	/Users/marcel/corpus-vt/impact-kb-kranten/xml/00538099.xml	2eee7e7b11eece17f17d17ba511bd3daa9b6b2529dfc60ef0531a47d11b26685
kb_00538100	PAGE	/Users/marcel/corpus-vt/impact-kb-kranten/xml/00538100.xml	a0a7cbb0b0885b994d4eeeb82d822189f5150a84821cfcb865f865187fe14bcd
kb_00538101	PAGE	/Users/marcel/corpus-vt/impact-kb-kranten/xml/00538101.xml	03925267801bf2b4213eca83994e5e558c9a32e1730d533e03e28a088b9d68e9
kb_00538102	PAGE	/Users/marcel/corpus-vt/impact-kb-kranten/xml/00538102.xml	2b1f707142ff632cb7ded4c61a7a7488b7ce4128480d24cb36d7e47efd28b9d2
kb_00538103	PAGE	/Users/marcel/corpus-vt/impact-kb-kranten/xml/00538103.xml	4bd746603abd2dd5e4e4d53e13ac0ba494a0033244c45506ae6d91a842a9617e
kb_00538104	PAGE	/Users/marcel/corpus-vt/impact-kb-kranten/xml/00538104.xml	7711546f3d189c2eb3824faa39445d831b617a84e0c9b424c6ac6a084b3efe8f
kb_00538105	PAGE	/Users/marcel/corpus-vt/impact-kb-kranten/xml/00538105.xml	b05e292ad63dd4dddf7813bc7b0af734e53406878f38b563db4e0a893fb5dd82
kb_00538106	PAGE	/Users/marcel/corpus-vt/impact-kb-kranten/xml/00538106.xml	5f24bfd73e3457de142fe8f3de346f4e7a28fb1049db227559b73783580e7322
kb_00538107	PAGE	/Users/marcel/corpus-vt/impact-kb-kranten/xml/00538107.xml	bed5329114da1a646b96feacdfc2286ed4003f499c56d9d162d791b11d67f1fa
kb_00538108	PAGE	/Users/marcel/corpus-vt/impact-kb-kranten/xml/00538108.xml	c52fd0016a3c74e73f62149574934dd7cc6e14dee916d38bfb0fbc2a87abc42c
kb_00538109	PAGE	/Users/marcel/corpus-vt/impact-kb-kranten/xml/00538109.xml	c65d59e60666da11ec422eccb5a7d115ab3b38da7769881ae2e05c811ed145e8
kb_00538110	PAGE	/Users/marcel/corpus-vt/impact-kb-kranten/xml/00538110.xml	5040eebca6827c3031ad724a57a9cebb462df3e4cf32e85835a8a89457c1f850
kb_00538111	PAGE	/Users/marcel/corpus-vt/impact-kb-kranten/xml/00538111.xml	7a69700ce17e893adf401eff2cbe0057c56dd55c6e7ebbe0882b9cf48c053753
kb_00538112	PAGE	/Users/marcel/corpus-vt/impact-kb-kranten/xml/00538112.xml	650d5e1f31c3f2265c9a23b6a37005163255322f01c8d6d6fd3dcc56bfcc131d
kb_00538113	PAGE	/Users/marcel/corpus-vt/impact-kb-kranten/xml/00538113.xml	20bef8189c244424bc234e62e2609ad9593069e2be15882b672f9ba093cb3a27
kb_00538114	PAGE	/Users/marcel/corpus-vt/impact-kb-kranten/xml/00538114.xml	ceebfde6b8bc1ef531fb1a9de4fa57c5d0a819cf1afbf7b6e9ffa2096c0e97f8
kb_00538115	PAGE	/Users/marcel/corpus-vt/impact-kb-kranten/xml/00538115.xml	cbbe7969d6d3d41850ab48ec4188d1621bd19e7c9a2f82b78ccd38fd2782d995
kb_00538116	PAGE	/Users/marcel/corpus-vt/impact-kb-kranten/xml/00538116.xml	4c0bc12fd6e252f9efdddbe5c3c41e4f4d8c9905119d96ff5caf5aefb2dc1b22
kb_00538117	PAGE	/Users/marcel/corpus-vt/impact-kb-kranten/xml/00538117.xml	a4159a505fe702f48b4b59f626fb83cd75d5d2ba34d438359430698ff83022f6
kb_00538118	PAGE	/Users/marcel/corpus-vt/impact-kb-kranten/xml/00538118.xml	189939156f330f09c8b2fc4763ba0e2ca073a57ee8dbb9de124ef0712675f40f
kb_00538119	PAGE	/Users/marcel/corpus-vt/impact-kb-kranten/xml/00538119.xml	5b0678e6b9c7c857469166ba25b43384fffcb7c9f11044b510b0269f478577e5
kb_00538120	PAGE	/Users/marcel/corpus-vt/impact-kb-kranten/xml/00538120.xml	22cd82f40510f8236828fa8cde214b7bfaac4f3389d1d334048d7e29c66a1ad7
kb_00538121	PAGE	/Users/marcel/corpus-vt/impact-kb-kranten/xml/00538121.xml	979a816aa3b7684927321dbd64a8155dc564b22f550f186610a5fabfca4a9e58
kb_00538122	PAGE	/Users/marcel/corpus-vt/impact-kb-kranten/xml/00538122.xml	c1d79d3c011a39229a298bfc7a8a301a01c97651a9be41362dc3f4cfc004b230
kb_00538123	PAGE	/Users/marcel/corpus-vt/impact-kb-kranten/xml/00538123.xml	d306c9cdefe088eeff6f84a56feeffbf404b7c2f93f8661ef301855018220e56
kb_00538124	PAGE	/Users/marcel/corpus-vt/impact-kb-kranten/xml/00538124.xml	eb5acfe5eec0caa82c237b6333a6529ec638f62e3ec6127ab25576203a92353c
kb_00538125	PAGE	/Users/marcel/corpus-vt/impact-kb-kranten/xml/00538125.xml	1ee876dff7d21b8b93c13493ac39c7633fb8fcc7350be85d4e7fb90e852ebba3
kb_00538126	PAGE	/Users/marcel/corpus-vt/impact-kb-kranten/xml/00538126.xml	ec156c2e555716b23ff232976bd674ec15e98fc61b2caad1e9499639f2fd656b
kb_00538127	PAGE	/Users/marcel/corpus-vt/impact-kb-kranten/xml/00538127.xml	f878c04bac535e295e1062e5c3212d0c62eacb855a4f3688a0aefb29f4b65bee
kb_00538128	PAGE	/Users/marcel/corpus-vt/impact-kb-kranten/xml/00538128.xml	92d18fe947fa85f66715b34c98b745000c614031ec4e165627ac5f08f20cc40c
kb_00538129	PAGE	/Users/marcel/corpus-vt/impact-kb-kranten/xml/00538129.xml	3ddb232ea4309f91fdbd7c4261b02c7caff74f50a8441d6df40901002e2d3d8d
kb_00538130	PAGE	/Users/marcel/corpus-vt/impact-kb-kranten/xml/00538130.xml	303e223a4751d03b8cc897cd5a853e6832f54ca5c95eb155c528814db9cef008
kb_00538131	PAGE	/Users/marcel/corpus-vt/impact-kb-kranten/xml/00538131.xml	f60e9f017dbc23e039ce6af53e08e0f8b7b89af7763b0a1ac7980cc74a8094df
kb_00538132	PAGE	/Users/marcel/corpus-vt/impact-kb-kranten/xml/00538132.xml	a9e9e2df8d035badc5e31d5e6c77969fa4275a2a1cf56326d587d43d88681fd1
kb_00538133	PAGE	/Users/marcel/corpus-vt/impact-kb-kranten/xml/00538133.xml	40e2435ef7ec672d036ea75f72fb7eab4b122985f888a1627bcf2046af5c7d98
kb_00538134	PAGE	/Users/marcel/corpus-vt/impact-kb-kranten/xml/00538134.xml	bd622bca9f4da7ace838b0ecf9848d024c401098d1e910b94c39dbbb0a0241b0
kb_00538135	PAGE	/Users/marcel/corpus-vt/impact-kb-kranten/xml/00538135.xml	602fb1263a8e73276ca1fe31e4c9f349f35f53ea005f96d45842a551a6d3a60a
kb_00538136	PAGE	/Users/marcel/corpus-vt/impact-kb-kranten/xml/00538136.xml	6387bcb7e37a85765801ccede2bac729d93014ed5842a2c73d402bad501b87fa
kb_00538137	PAGE	/Users/marcel/corpus-vt/impact-kb-kranten/xml/00538137.xml	96f9f9dc46da009583367279671bb5bde987d7d69ecd65bf3de85c535876292a
kb_00538138	PAGE	/Users/marcel/corpus-vt/impact-kb-kranten/xml/00538138.xml	327cb9019d9ec46e1c8782feff2f6f052b716ddfa9107a382c0c69b6ae7048b3
kb_00538139	PAGE	/Users/marcel/corpus-vt/impact-kb-kranten/xml/00538139.xml	e238a5e54809095f8be88fe9882d0577c1ecd9a0eb892c57e0ad89040d182512
kb_00538140	PAGE	/Users/marcel/corpus-vt/impact-kb-kranten/xml/00538140.xml	51c12af96f9d6712c3a3bdd368723d931837ad54e2c538761158d1ed57ee66f9
kb_00538141	PAGE	/Users/marcel/corpus-vt/impact-kb-kranten/xml/00538141.xml	371dd29e339463cef1cc7067d7eeb60b2b31ea59fd588dc078703f294cebda27
kb_00538142	PAGE	/Users/marcel/corpus-vt/impact-kb-kranten/xml/00538142.xml	37e372ac5f4f785fd68785cabf65ab94d93d69403b12933ab716ec3bc5c3b850
kb_00538143	PAGE	/Users/marcel/corpus-vt/impact-kb-kranten/xml/00538143.xml	3d7baecae03c39e907c67d43bd1ded27c8107d4de25d31966f3833b5abde1618
kb_00538144	PAGE	/Users/marcel/corpus-vt/impact-kb-kranten/xml/00538144.xml	cacea5a07b0bdee25c76f6e6e6757568d7c2aebf69755baeb2ca67f4a12c209e
kb_00538145	PAGE	/Users/marcel/corpus-vt/impact-kb-kranten/xml/00538145.xml	966c717ea4479b9b7f83e5f068ae47001ace439877339516a6fbe1f20829f27d
kb_00538146	PAGE	/Users/marcel/corpus-vt/impact-kb-kranten/xml/00538146.xml	34d05d13b137f01532d280bc85b9a71648ba9051711ad3e4c912c8d009ab3d82
kb_00538147	PAGE	/Users/marcel/corpus-vt/impact-kb-kranten/xml/00538147.xml	f5b075c62564ae163bff3b6e942ca2e1073cdb90ff87ce03e1a42e5e677bd714
kb_00538148	PAGE	/Users/marcel/corpus-vt/impact-kb-kranten/xml/00538148.xml	0ea9fa8b8bf6d30bf7bd3da11ec9bdeb2903e5af00608176cafa5bf1f7d75ed4
kb_00538149	PAGE	/Users/marcel/corpus-vt/impact-kb-kranten/xml/00538149.xml	aa33bd48940a26285c4736e0a1ccbd8b74d46908ab6a3fa9438281e501fb8776
kb_00538150	PAGE	/Users/marcel/corpus-vt/impact-kb-kranten/xml/00538150.xml	b5535f3519884168e5c62cf182e0ae71fadfae1e2c8ae5f024387077ab8e0548
kb_00538151	PAGE	/Users/marcel/corpus-vt/impact-kb-kranten/xml/00538151.xml	14537d606383bb83f088ea4078d87a5a34a0403c26d8b9044870106b1ef3392b
kb_00538152	PAGE	/Users/marcel/corpus-vt/impact-kb-kranten/xml/00538152.xml	398101499f0ad871bdd9cc330783f086d6dec9d4660b705b76315161448f391c
kb_00538153	PAGE	/Users/marcel/corpus-vt/impact-kb-kranten/xml/00538153.xml	138523fa1a74d749a58404a046673c54adbb9a60a2d12641071945324232c1db
kb_00538154	PAGE	/Users/marcel/corpus-vt/impact-kb-kranten/xml/00538154.xml	ff14b45dbe5fc42a2f3424adaa8b61d088024b701f3550e25d9703883878be10
kb_00538155	PAGE	/Users/marcel/corpus-vt/impact-kb-kranten/xml/00538155.xml	e537056cac0e6689313f6277b0177e33c891fa84f849e29c3bfa22665ef1d050
kb_00538156	PAGE	/Users/marcel/corpus-vt/impact-kb-kranten/xml/00538156.xml	a28539274d3272eab79eddf41e4915e6e3f5da1bdc8d0bdd47511ea7d9bb80e6
kb_00538157	PAGE	/Users/marcel/corpus-vt/impact-kb-kranten/xml/00538157.xml	8a784525611bc1fc8bab6da8c12adca72254fc74f047bc53c7def9850bab03c6
kb_00538158	PAGE	/Users/marcel/corpus-vt/impact-kb-kranten/xml/00538158.xml	226ceb66cf710d28531be5b504ec5c20e29e54f88badaa849260e5db19587ee6
kb_00538159	PAGE	/Users/marcel/corpus-vt/impact-kb-kranten/xml/00538159.xml	6024782fbe63d8dacfe3bf9cb1cca5b9ca91fe038f1e9cb0e88ea2c56da2ffd3
kb_00538160	PAGE	/Users/marcel/corpus-vt/impact-kb-kranten/xml/00538160.xml	748fb74432f0df1f88bc1c42b14bac4ab42af6a409d95f129bfc9acc3cb8fcec
kb_00538161	PAGE	/Users/marcel/corpus-vt/impact-kb-kranten/xml/00538161.xml	44e5958ae575259cb399812f17a92d70028f96a3bd366437bf659a71c4d3f8ea
kb_00538162	PAGE	/Users/marcel/corpus-vt/impact-kb-kranten/xml/00538162.xml	624386496a5e188d68c8b9eb5112816e37f2c998ee4c133464a43989cdf0fdaf
kb_00538163	PAGE	/Users/marcel/corpus-vt/impact-kb-kranten/xml/00538163.xml	c0ae667f786c86d938d099490b03849ca89322596bbf2b9868e1615cb0463038
kb_00538164	PAGE	/Users/marcel/corpus-vt/impact-kb-kranten/xml/00538164.xml	b57a793fb0988977a964843b323f1a6e3a9d265b8d2d1e636e8524eda5396fd1
kb_00538165	PAGE	/Users/marcel/corpus-vt/impact-kb-kranten/xml/00538165.xml	7fe69bd49989976ff81672b0b588c073f8b8ab48c61f7ca8f703ce80602a056e
kb_00538166	PAGE	/Users/marcel/corpus-vt/impact-kb-kranten/xml/00538166.xml	3056133554836a7ae3e123cf5dafdc773e2dd6d2646817aea051fcd9ae236d86
kb_00538167	PAGE	/Users/marcel/corpus-vt/impact-kb-kranten/xml/00538167.xml	1c611a26045e6a33cf9c385e408e2d17d8c3ce128c44cddf9dc0f2c542c425be
kb_00538168	PAGE	/Users/marcel/corpus-vt/impact-kb-kranten/xml/00538168.xml	3731714259c58a2e9b9343eaa3921875b0c57d49dde56e3fe10f11255ff1573b
kb_00538169	PAGE	/Users/marcel/corpus-vt/impact-kb-kranten/xml/00538169.xml	b15e2f41b33e94613577eb4b3e7809f1d5ea178b2136f842d2585fe5c643b2b5
kb_00538170	PAGE	/Users/marcel/corpus-vt/impact-kb-kranten/xml/00538170.xml	87d376c25676a74a535dc5adcbc6b1e726b879652f71e0c9b8cdd2596f612321
kb_00538171	PAGE	/Users/marcel/corpus-vt/impact-kb-kranten/xml/00538171.xml	7974149349d452f3db5fdef59d70458dfb6b423a35f7c65276a0c073d3a64cd8
kb_00538172	PAGE	/Users/marcel/corpus-vt/impact-kb-kranten/xml/00538172.xml	1aee919a2e8fe2f93d01aeb3e7cf0ebe83e1117611f6027aac514b8b3eade8ce
kb_00538173	PAGE	/Users/marcel/corpus-vt/impact-kb-kranten/xml/00538173.xml	adb60aa07e972cc0dcbfab6063364a4c28b5861cbc1e5b883448f1234da1ce0f
kb_00538174	PAGE	/Users/marcel/corpus-vt/impact-kb-kranten/xml/00538174.xml	6ccf59568ddda4c7b67ec7891f73dec8c8bd4de9ebf1f18e876195ee9bca9ece
kb_00538175	PAGE	/Users/marcel/corpus-vt/impact-kb-kranten/xml/00538175.xml	e8b9445d703a3d4599df3fedc3a6ad3bd432e0ace91a3bd323542725fd2eb224
kb_00538176	PAGE	/Users/marcel/corpus-vt/impact-kb-kranten/xml/00538176.xml	9b9bd308a3bfe57c93c129aaf24fa3c3e90a003021affed371644e74faf1c112
kb_00538177	PAGE	/Users/marcel/corpus-vt/impact-kb-kranten/xml/00538177.xml	e41486f6a35efb15c74d257dcbf2fe74b81553ea86212980d12612873f4fb8bf
kb_00538178	PAGE	/Users/marcel/corpus-vt/impact-kb-kranten/xml/00538178.xml	d8394c4e799b619bd4274856d701cd1f8673380485b65d533f7487f170fc2d48
kb_00538179	PAGE	/Users/marcel/corpus-vt/impact-kb-kranten/xml/00538179.xml	a99ae4629140862d21db138bfd12670648665fd434273f91ab922e7c49288264
kb_00538180	PAGE	/Users/marcel/corpus-vt/impact-kb-kranten/xml/00538180.xml	74c0f4eb8b0c11604a5f6f65583fca3e0cdbd25d3cd31345cdf24f84e204f4b4
kb_00538181	PAGE	/Users/marcel/corpus-vt/impact-kb-kranten/xml/00538181.xml	74214c18996b4ec0914772cf45698e68ff124c8831273e07414a332af42ac7b5
kb_00538182	PAGE	/Users/marcel/corpus-vt/impact-kb-kranten/xml/00538182.xml	56cc4e891d61eaa85267bc45fb80ad4c6d66f77ea4bed9b7faab0a7f9d55f233
kb_00538183	PAGE	/Users/marcel/corpus-vt/impact-kb-kranten/xml/00538183.xml	b217e071287d1a9a65b0b845f6b7bf92e315a145c8d91e257546b356b30877c0
kb_00538184	PAGE	/Users/marcel/corpus-vt/impact-kb-kranten/xml/00538184.xml	916bcc9305b992c975c76f22ce845066da52c1bf8ec7bd2e64e8d0060916a698
kb_00538185	PAGE	/Users/marcel/corpus-vt/impact-kb-kranten/xml/00538185.xml	9c797189146d52a1b46ae1607d815e60cb9297fa74d01693bb9b73424a277550
kb_00538186	PAGE	/Users/marcel/corpus-vt/impact-kb-kranten/xml/00538186.xml	205c83362b134b353d53fbd47aa04af83bcf243205de7a12f26341bf2393da51
kb_00538187	PAGE	/Users/marcel/corpus-vt/impact-kb-kranten/xml/00538187.xml	82b4be6d6484bc2e4e3c6a4f9cbf24449ccfddb5ce7880d49864bae0832299b2
kb_00538188	PAGE	/Users/marcel/corpus-vt/impact-kb-kranten/xml/00538188.xml	223c6ac7c0bb85b7a02fa77f59de0ffae01491074f93dde00514c322868ffecd
kb_00538189	PAGE	/Users/marcel/corpus-vt/impact-kb-kranten/xml/00538189.xml	ccd2b1051360f87380bce1736290818d69081a10744b224b8d29acf532350c9b
kb_00538190	PAGE	/Users/marcel/corpus-vt/impact-kb-kranten/xml/00538190.xml	505528cf8d7b8650efa6f0982d1cc2e3a53170eb135c46f3349af5dfb02c8a9b
kb_00538191	PAGE	/Users/marcel/corpus-vt/impact-kb-kranten/xml/00538191.xml	bea0487edd788cc58fd81171a7c93995c6f4e73ac170916293f3492dc322e256
kb_00538192	PAGE	/Users/marcel/corpus-vt/impact-kb-kranten/xml/00538192.xml	9f1f3f899998d6c88be4e6e53a32add6910d5b462dbc04b65822faf9c52b47fb
kb_00538193	PAGE	/Users/marcel/corpus-vt/impact-kb-kranten/xml/00538193.xml	0c504bd195a1f1ec80b5122c2eaec7dd1a21cf405be5624cf5fe543ad05a0647
kb_00538194	PAGE	/Users/marcel/corpus-vt/impact-kb-kranten/xml/00538194.xml	04e6e325cfc693cc6b37be34d5afee20bac2ec2f98d1fe9b221550f0aac51d4c
kb_00538195	PAGE	/Users/marcel/corpus-vt/impact-kb-kranten/xml/00538195.xml	8df545bf77817f859783b465e710d08933c0f5bd0bdaef74fc96e06743e3b476
kb_00538196	PAGE	/Users/marcel/corpus-vt/impact-kb-kranten/xml/00538196.xml	01dcb4ad378f0ca179a044005952ba9d237c5d392e21c31703ef92887ff255a3
kb_00538197	PAGE	/Users/marcel/corpus-vt/impact-kb-kranten/xml/00538197.xml	e78f964ae2aa518c5ea9e70d72f1ac00187b0736e0c9f6ad6cb26f1f8d941dfe
kb_00538198	PAGE	/Users/marcel/corpus-vt/impact-kb-kranten/xml/00538198.xml	4284db4a9b85318c224f208c1c2002f93a772d08409773dc2c6c0d596a92a9cf
kb_00538199	PAGE	/Users/marcel/corpus-vt/impact-kb-kranten/xml/00538199.xml	b206e50e38f93d2b14eb838db93672e2ff3955491dbb85fe9f5add7a97b66643
kb_00538200	PAGE	/Users/marcel/corpus-vt/impact-kb-kranten/xml/00538200.xml	16f1e9cfafbe97c5d4692637564d7d24bb8709d103adaadc9bab26afc93fc76f
kb_00538201	PAGE	/Users/marcel/corpus-vt/impact-kb-kranten/xml/00538201.xml	496e08b002b8a04dc4fd904da8b47646e78e3c4eb4f703db8f2fcf02cc8d1429
kb_00538202	PAGE	/Users/marcel/corpus-vt/impact-kb-kranten/xml/00538202.xml	2dfb6777772e01ca9bf7f72467264930b3d3e7b2c349a434252d16c766cc0213
kb_00538203	PAGE	/Users/marcel/corpus-vt/impact-kb-kranten/xml/00538203.xml	4a89ca0ef0fe44f20492b223ec6fea01585b4e4cbca3baef298fa977691c120b
kb_00538204	PAGE	/Users/marcel/corpus-vt/impact-kb-kranten/xml/00538204.xml	8d91a08c3f2989e6c7185a9e6861b8c4e30a3e1d4da9a2d66156ef19bc9d4799
kb_00538205	PAGE	/Users/marcel/corpus-vt/impact-kb-kranten/xml/00538205.xml	4ea9967baabd042564b1bd052def42cbb352cadda4bc4173feccfbb0453b3044
kb_00538206	PAGE	/Users/marcel/corpus-vt/impact-kb-kranten/xml/00538206.xml	92a3b8cee8dcf3d313f57d9114d569369e76f221e2046d387bcc41339f120e15
kb_00538207	PAGE	/Users/marcel/corpus-vt/impact-kb-kranten/xml/00538207.xml	e50bd4abde2a1452618b8ecccb3f34c38a9e37b710b905fddaca79ce6c004711
kb_00538208	PAGE	/Users/marcel/corpus-vt/impact-kb-kranten/xml/00538208.xml	7d4c369f60b9021f90e07bd3aae3d90e98bec58f467745291c56b14da970f945
kb_00538209	PAGE	/Users/marcel/corpus-vt/impact-kb-kranten/xml/00538209.xml	ac9279a380110b44ceb1ab82d60c72aafa3faceee2e344c521690b0658b63679
kb_00538210	PAGE	/Users/marcel/corpus-vt/impact-kb-kranten/xml/00538210.xml	30ec410c4e29f0f689cd95c17056b4587f34d16ee50a1e2cccda0626c46655b9
kb_00538211	PAGE	/Users/marcel/corpus-vt/impact-kb-kranten/xml/00538211.xml	447c62ce9b06077d56176bbd9a9363f8da91afa96a1f86209c9f21fe3be57735
kb_00538212	PAGE	/Users/marcel/corpus-vt/impact-kb-kranten/xml/00538212.xml	c73ca30f21b9f21c09fd09d50ca7bd5c7b8e86704144107ce51dc546a50ee0c1
kb_00538213	PAGE	/Users/marcel/corpus-vt/impact-kb-kranten/xml/00538213.xml	76d7ac7524196b066b2a0db5450dff88444c93da0085d9a1fd1f86b01f3c4118
kb_00538214	PAGE	/Users/marcel/corpus-vt/impact-kb-kranten/xml/00538214.xml	bec42c83e3a4317c3aa79cc8becd1cf2f4b96908eaf1edf6c1efd65b06522293
kb_00538215	PAGE	/Users/marcel/corpus-vt/impact-kb-kranten/xml/00538215.xml	09546545efbdb82fb4e65dffb46c3d7b6f01424e99c6ad3d76720b98fa7fd510
kb_00538216	PAGE	/Users/marcel/corpus-vt/impact-kb-kranten/xml/00538216.xml	3eba27d61d1602ba4c873a798cc66369ab5aa8a6f37b3477521010bfa8119787
kb_00538217	PAGE	/Users/marcel/corpus-vt/impact-kb-kranten/xml/00538217.xml	061c7c41da6117a4ab38cc2840fd454de8c5eaad61dc0ca14cbb2bb4dea053e9
kb_00538218	PAGE	/Users/marcel/corpus-vt/impact-kb-kranten/xml/00538218.xml	ce4d967b783a5359f70a6e54d7a4b9f25d536557e665e94d867a5ad8bdb61a55
kb_00538219	PAGE	/Users/marcel/corpus-vt/impact-kb-kranten/xml/00538219.xml	7c415e9fccce4cabb7e117cf04202ca9632ba534cb3b98e36d8bd3831eb4a800
kb_00538220	PAGE	/Users/marcel/corpus-vt/impact-kb-kranten/xml/00538220.xml	ab0fb764ce35d8ccfc4432089fdd51d53ff4c0dfb9d2dbec192477d51a1a97ed
kb_00538221	PAGE	/Users/marcel/corpus-vt/impact-kb-kranten/xml/00538221.xml	8ebc45acf9571fa7382497603cf248df91d00c02d4d31974bca2c7ce599474b4
kb_00538222	PAGE	/Users/marcel/corpus-vt/impact-kb-kranten/xml/00538222.xml	7ade85fcf06ffb5e3307ec143ef8c55bbb5410c7ad878e43b1b4c1e27f0e82ae
kb_00538223	PAGE	/Users/marcel/corpus-vt/impact-kb-kranten/xml/00538223.xml	21a608d524724e486e6a2b65d799618dc9f741be5ba26d03d6fc8e0bc02d325c
kb_00538224	PAGE	/Users/marcel/corpus-vt/impact-kb-kranten/xml/00538224.xml	c2def850e288220e0585df3b75d4fba816f0abd80101b92af7eeb802bbccc50d
kb_00538225	PAGE	/Users/marcel/corpus-vt/impact-kb-kranten/xml/00538225.xml	85f2aeaf8e3c71cba2dfee241e1361880342254bffb2ad9af161d23216677cf5
kb_00538226	PAGE	/Users/marcel/corpus-vt/impact-kb-kranten/xml/00538226.xml	20a73c6e23fdaa54b70beadadf765a7be3fce17d1270f1f2eba330be19426d48
kb_00538227	PAGE	/Users/marcel/corpus-vt/impact-kb-kranten/xml/00538227.xml	3753d138b0ea3adc82812d5fd5606ad716c332e1c947b88cb0ea310038bc4689
kb_00538228	PAGE	/Users/marcel/corpus-vt/impact-kb-kranten/xml/00538228.xml	408bf0fc86ede57ad32964cb51d4d8ef89cef2e9bf6737cbdf7415e43d172c9a
kb_00538229	PAGE	/Users/marcel/corpus-vt/impact-kb-kranten/xml/00538229.xml	61caf3e16422039ebbc5d3560fd8386918bcf5ebe1050ddca13cd54cc708bc0f
kb_00538230	PAGE	/Users/marcel/corpus-vt/impact-kb-kranten/xml/00538230.xml	30cc23c66356050fe666963b5cbf306f10b9e4c982779b1782cdb123ce94a762
kb_00538231	PAGE	/Users/marcel/corpus-vt/impact-kb-kranten/xml/00538231.xml	a2878e8b90c58c49f58ad36fc4792da08e14b152ae528101acf13a9cba7c0ca8
kb_00538232	PAGE	/Users/marcel/corpus-vt/impact-kb-kranten/xml/00538232.xml	c20a8aace96e35b27aec84425bc44f84975a271a7699759b30af2e1bdb703afc
kb_00538233	PAGE	/Users/marcel/corpus-vt/impact-kb-kranten/xml/00538233.xml	37001ff00f620a28fb13607620d1a74869a96d4ed88bfd911dfeffddc0fe7b93
kb_00538234	PAGE	/Users/marcel/corpus-vt/impact-kb-kranten/xml/00538234.xml	d5254a14212c45eec12a2b6a9d23bb32b14a6444faa48f801ace885d5e606b04
kb_00538235	PAGE	/Users/marcel/corpus-vt/impact-kb-kranten/xml/00538235.xml	209b1d266ef1748ed8082e90bc330baf7e114420f51d87b153cd84368b106669
kb_00538236	PAGE	/Users/marcel/corpus-vt/impact-kb-kranten/xml/00538236.xml	5b7079dddbb211834441e9cfc8fa8ab5d39760d384a9317069e91911ac690929
kb_00538237	PAGE	/Users/marcel/corpus-vt/impact-kb-kranten/xml/00538237.xml	aced26103d75f5cbcb8e83ca191c1895a1042f9cef3cde88e2a1da6d5274bb92
kb_00538238	PAGE	/Users/marcel/corpus-vt/impact-kb-kranten/xml/00538238.xml	51bc2a5fc310cd16a762524e5deda7bf2090a5c32a8c90077a2eed118bb03e48
kb_00538239	PAGE	/Users/marcel/corpus-vt/impact-kb-kranten/xml/00538239.xml	c2b0e6cee0d11ce2af67e6aac31e9845e9e8343218abe08214510954356f7d9f
kb_00538240	PAGE	/Users/marcel/corpus-vt/impact-kb-kranten/xml/00538240.xml	ccd5bcba589fe80b664c5227608dd733c5edcc0a5d055891a3612977e2b94fa4
kb_00538241	PAGE	/Users/marcel/corpus-vt/impact-kb-kranten/xml/00538241.xml	facb4224a7832de15bd90796eb52cccf1b69e527dea258256f102fb563f93291
kb_00538242	PAGE	/Users/marcel/corpus-vt/impact-kb-kranten/xml/00538242.xml	df8aae8b9c42af6f48def25f9db498928656decc06e295cf8dd4814799dec677
kb_00538243	PAGE	/Users/marcel/corpus-vt/impact-kb-kranten/xml/00538243.xml	9640df39377dee41944e58a05b53dd7c681f4e0ba935026f24d8871429249882
kb_00538244	PAGE	/Users/marcel/corpus-vt/impact-kb-kranten/xml/00538244.xml	09def9b3320d63f0d972a1e1084ec665851c9d44cf0d24b9ac6c3b7d39e7fe68
kb_00538245	PAGE	/Users/marcel/corpus-vt/impact-kb-kranten/xml/00538245.xml	4a5020e305b592d658a15d5e29224e3e46fff4454c5392da29235470bcf2652b
kb_00538246	PAGE	/Users/marcel/corpus-vt/impact-kb-kranten/xml/00538246.xml	71204ddb3df41cf714b87d900a61d4075d6d26b1113153deeb0ddf297e09ed96
kb_00538247	PAGE	/Users/marcel/corpus-vt/impact-kb-kranten/xml/00538247.xml	bd610151336900c08e81dedb519bbdfb0d4fad76945a8ec1a69c7aecf351b2bd
kb_00538248	PAGE	/Users/marcel/corpus-vt/impact-kb-kranten/xml/00538248.xml	6ac1e6aa9bab14d0175ef3a14332163a7ca917756ca1eec9c263cc715556b494
kb_00538249	PAGE	/Users/marcel/corpus-vt/impact-kb-kranten/xml/00538249.xml	ae4cd38aa28d253d65c58efc3cb6a48f81e954487c03ac97b9d6df2250eb9fba
kb_00538250	PAGE	/Users/marcel/corpus-vt/impact-kb-kranten/xml/00538250.xml	ca6b8793eacc7353b3b9be5e00a0c2f4379e3862cb9cbc10580477aa812c5a97
kb_00538251	PAGE	/Users/marcel/corpus-vt/impact-kb-kranten/xml/00538251.xml	119f63069f0c2ff821b3e5a13c5f482e1db8ca83d0b0897273004440495ea4cd
kb_00538252	PAGE	/Users/marcel/corpus-vt/impact-kb-kranten/xml/00538252.xml	fa78f4a2a4ce57886c20ecc53f95c0f73a1affe59f38bb5bdab906d0740df794
kb_00538253	PAGE	/Users/marcel/corpus-vt/impact-kb-kranten/xml/00538253.xml	0a8a13ed01e754121b59bb6630845612941ced461411d0eecbcd7150b56aafa2
kb_00538254	PAGE	/Users/marcel/corpus-vt/impact-kb-kranten/xml/00538254.xml	560f80e99dd91b10277f7fd3a629b7d5eec55580e482371dd1d472dba21a5fab
kb_00538255	PAGE	/Users/marcel/corpus-vt/impact-kb-kranten/xml/00538255.xml	ce37640392a85da0f4aa8b136c461b968139527c71ba29e990a4c0a55cdc8ba4
kb_00538256	PAGE	/Users/marcel/corpus-vt/impact-kb-kranten/xml/00538256.xml	d86eebdb6f8389976558c7e9d6a6a2bcc40232b227384aff775b27c1797368f1
kb_00538257	PAGE	/Users/marcel/corpus-vt/impact-kb-kranten/xml/00538257.xml	1f3aadb35713b76b6596cdd7e5880ecbe9417e6c89bb16a098ce11d5ebd72147
kb_00538258	PAGE	/Users/marcel/corpus-vt/impact-kb-kranten/xml/00538258.xml	ec48d9b0fefb0b69ac9cc001fd1b4b854936f15bc696832a89ae6df46a621947
kb_00538259	PAGE	/Users/marcel/corpus-vt/impact-kb-kranten/xml/00538259.xml	9685bbb96ef2aafcb626bab2267465e37f182cf37557ae9967ffc1168b75891f
kb_00538260	PAGE	/Users/marcel/corpus-vt/impact-kb-kranten/xml/00538260.xml	2aa61064c0ba42c0d319140d3fc95dbb9ba530a4fb1629217d154a1de272f400
kb_00538261	PAGE	/Users/marcel/corpus-vt/impact-kb-kranten/xml/00538261.xml	75de6cb2b1dadce5d261a2d01178dc095bbe79e956670c0486a85712cc3278dd
kb_00538262	PAGE	/Users/marcel/corpus-vt/impact-kb-kranten/xml/00538262.xml	9078b2a59fea0700965f4b3d1fc2758dcf43039ce8c9edf3bc84b1185d8f3bd3
kb_00538263	PAGE	/Users/marcel/corpus-vt/impact-kb-kranten/xml/00538263.xml	552b42a63fe1ad24c86e57da9e472f2e86f814c8e26542c8d44445b060b28817
kb_00538264	PAGE	/Users/marcel/corpus-vt/impact-kb-kranten/xml/00538264.xml	f67aaaff5577dd46c201af17af3d6eccbbe6fd537635eb91be30431112c58446
kb_00538265	PAGE	/Users/marcel/corpus-vt/impact-kb-kranten/xml/00538265.xml	d5de7996037fddaaea5615d34b53d96a28a1c6808a90b258103d16e5cbab2040
kb_00538266	PAGE	/Users/marcel/corpus-vt/impact-kb-kranten/xml/00538266.xml	a4cdf98c44bbf10a202c292dfed49ee2341b233f53eb195429d6dc901d3daa50
kb_00538267	PAGE	/Users/marcel/corpus-vt/impact-kb-kranten/xml/00538267.xml	1b2fbb69e0e12228841532ab5f4633c2454cbf7b66245a76eee9e5dce2772390
kb_00538268	PAGE	/Users/marcel/corpus-vt/impact-kb-kranten/xml/00538268.xml	c40b0f4e2523c0f52f7c8740e018f45c3b152ff8c9a0472ce6cc9186fa73d175
kb_00538269	PAGE	/Users/marcel/corpus-vt/impact-kb-kranten/xml/00538269.xml	f7f0f1347188b2bb4abd52f0f3466f05ddd0ad298e956a8e81f03385c6a7e92a
kb_00538270	PAGE	/Users/marcel/corpus-vt/impact-kb-kranten/xml/00538270.xml	5a2012ccc471a923a55022b8e25083ab4456d9c23f76c1dd300e24d653875cc8
kb_00538271	PAGE	/Users/marcel/corpus-vt/impact-kb-kranten/xml/00538271.xml	e2e0ce23932768986ebfa6f227cf62b2a8d0f8d6295ff909e1ad118cb10f2994
kb_00538272	PAGE	/Users/marcel/corpus-vt/impact-kb-kranten/xml/00538272.xml	d1615bdce3f13e5017ca255615ffde42fcfecd58d4b769c99630c89e79dc82a4
kb_00538273	PAGE	/Users/marcel/corpus-vt/impact-kb-kranten/xml/00538273.xml	663abc45fa3636e196238b6bcbd902bbeca38c7cda645acab3f26f3030fc1339
kb_00538274	PAGE	/Users/marcel/corpus-vt/impact-kb-kranten/xml/00538274.xml	2a89a9d93473494a4915cc4a627540247f5b8eefe7a6396010fad04750cd6bb4
kb_00538275	PAGE	/Users/marcel/corpus-vt/impact-kb-kranten/xml/00538275.xml	8ad4daa9774ab1caa13ee96efc024d197e3618db984a882a4bd1cb1969171e6a
kb_00538276	PAGE	/Users/marcel/corpus-vt/impact-kb-kranten/xml/00538276.xml	f16e9cc3d6ee2a4add1ba22f19638b01c5ef91c3cc588527c046ae1514f2d989
kb_00538277	PAGE	/Users/marcel/corpus-vt/impact-kb-kranten/xml/00538277.xml	1c5c560ce0c6c618eda6b170f4498ead1701d29d7ea8688ce993bb2691056b00
kb_00538278	PAGE	/Users/marcel/corpus-vt/impact-kb-kranten/xml/00538278.xml	306d4e2af8b383300d634a99f1f747e1a3f32ba11dbd101c6c7a720ed840eedf
kb_00538279	PAGE	/Users/marcel/corpus-vt/impact-kb-kranten/xml/00538279.xml	beac8e97cdb15abc75770169e5b4e01fabc9c46e7e7ba0289c8318d6b1bb7bd4
kb_00538280	PAGE	/Users/marcel/corpus-vt/impact-kb-kranten/xml/00538280.xml	3bc3ef1ddac4d3653da67525918b09127c687a80c058540ffc28ab70035fc388
kb_00538281	PAGE	/Users/marcel/corpus-vt/impact-kb-kranten/xml/00538281.xml	5383493205827689e2f5fac8c153435812961e5827b1c3588a59428a39783357
kb_00538282	PAGE	/Users/marcel/corpus-vt/impact-kb-kranten/xml/00538282.xml	17b0aa673ecbcf4251b2a66aee5cf0506b2788d27426f261b526b6fe9fc694ae
kb_00538283	PAGE	/Users/marcel/corpus-vt/impact-kb-kranten/xml/00538283.xml	a660b0ca2e580f2a9eab8320c8f062fc1af883ca2165ecda33d030d6dbe68042
kb_00538284	PAGE	/Users/marcel/corpus-vt/impact-kb-kranten/xml/00538284.xml	bf7252be710944687aebf3149cee9d762aaba15bbf763e1a278e0536c505f252
kb_00538285	PAGE	/Users/marcel/corpus-vt/impact-kb-kranten/xml/00538285.xml	24eb7edd7afe04eade6a1a3ce576098c88b713b94cb6e1db7bfec77c8639740c
kb_00538286	PAGE	/Users/marcel/corpus-vt/impact-kb-kranten/xml/00538286.xml	0dd7037114ff49a4c772f9de3ec10dac0176bdb6797153a7dadcb4872425c861
kb_00538287	PAGE	/Users/marcel/corpus-vt/impact-kb-kranten/xml/00538287.xml	582c45ea69da3649207ba653366e0454709f764008369af25fcb426125310f58
kb_00538288	PAGE	/Users/marcel/corpus-vt/impact-kb-kranten/xml/00538288.xml	4f74bf719e1df9f86ec645f1dcf9e953d5fe68c51fb87cad2b0b4d7b7b361f22
kb_00538289	PAGE	/Users/marcel/corpus-vt/impact-kb-kranten/xml/00538289.xml	670bb7e5624108710a17c73b35187c7f61359867fc89dc0032a42e76eb3ab440
kb_00538290	PAGE	/Users/marcel/corpus-vt/impact-kb-kranten/xml/00538290.xml	381347c0d106c4e636a0dc4b86b8e228c206c3e493a8a195f05e5685ee65272f
kb_00538291	PAGE	/Users/marcel/corpus-vt/impact-kb-kranten/xml/00538291.xml	d5b8ccee1a15a279a8eea8a9b7820cc5f3f657ea6e3ac59a25bdfa061e9d4125
kb_00538292	PAGE	/Users/marcel/corpus-vt/impact-kb-kranten/xml/00538292.xml	b979201edc01d690f33c500de08c577a470ca0c61cdfe8da5eca0e3174380f92
kb_00538293	PAGE	/Users/marcel/corpus-vt/impact-kb-kranten/xml/00538293.xml	0da75f256f9f3da8a31aec0df0f4a060c691eae499837268518a76023d4a3889
kb_00538294	PAGE	/Users/marcel/corpus-vt/impact-kb-kranten/xml/00538294.xml	7ece5c6870aba8f03a232d43ebc1d4a2ac4925c5610bff84d0381fd4fadac95c
kb_00538295	PAGE	/Users/marcel/corpus-vt/impact-kb-kranten/xml/00538295.xml	95e942da607a214e44de2f0e358ed15b3fb752641d80440ac0edc1b4a7766429
kb_00538296	PAGE	/Users/marcel/corpus-vt/impact-kb-kranten/xml/00538296.xml	d67328d571df43857b0d91077df2c27f58d48d47c579b8e1463ba9d5f955be05
kb_00538297	PAGE	/Users/marcel/corpus-vt/impact-kb-kranten/xml/00538297.xml	368cdb533ccf1095d121612718666de5405c93655c915c5cc62a42d29fa373f8
kb_00538298	PAGE	/Users/marcel/corpus-vt/impact-kb-kranten/xml/00538298.xml	251c5356ec63ff57b93609d4d5c7d19927322c2da8736c5f2f4cdfb8ddf6b75a
kb_00538299	PAGE	/Users/marcel/corpus-vt/impact-kb-kranten/xml/00538299.xml	ff213d50df88671acd894de0ca7e4cc313cc19c87df4e244d5f6321cfd59bad3
kb_00538300	PAGE	/Users/marcel/corpus-vt/impact-kb-kranten/xml/00538300.xml	08b73c907ed910ddf6c6c28f2f3c733b866ca2c67935d1d92b529c67d044fe01
kb_00538301	PAGE	/Users/marcel/corpus-vt/impact-kb-kranten/xml/00538301.xml	0b2266707b69f0adeda16d010ce90b4917fe31e06ebea754c5362a2bfb36578f
kb_00538302	PAGE	/Users/marcel/corpus-vt/impact-kb-kranten/xml/00538302.xml	af0c3b572943893257be12608d658ca571941e056b9bdcedbff5721c300a560a
kb_00538303	PAGE	/Users/marcel/corpus-vt/impact-kb-kranten/xml/00538303.xml	a2c9f082b8a08d73facadd9faf9ee72b203f9cb4ce68e3bf77ca25d0cccd0e97
kb_00538304	PAGE	/Users/marcel/corpus-vt/impact-kb-kranten/xml/00538304.xml	4ac07a6bae66ed3666df756e79c8386d5a554475288c7396103c217018f04035
kb_00538305	PAGE	/Users/marcel/corpus-vt/impact-kb-kranten/xml/00538305.xml	44bd5e674fc524a376d8dcd52f9da3efb224ef9aeb581e6f3deee6cc1afad7de
kb_00538306	PAGE	/Users/marcel/corpus-vt/impact-kb-kranten/xml/00538306.xml	b6dc7cd579858ccc6e633ea1528df4a3e85e1a0d33e8a7a1828545203d2989cb
kb_00538307	PAGE	/Users/marcel/corpus-vt/impact-kb-kranten/xml/00538307.xml	297670dd4c135be428701943954a908cd0eebb04c07dca603e46525e450a5246
kb_00538308	PAGE	/Users/marcel/corpus-vt/impact-kb-kranten/xml/00538308.xml	70eaef3f94ea3971b57043af1d464a16d829405672546c652efbab7275753081
kb_00538309	PAGE	/Users/marcel/corpus-vt/impact-kb-kranten/xml/00538309.xml	025742926dda72add9deea3eec2d5a8166693580f77714434abecfae8f004914
kb_00538310	PAGE	/Users/marcel/corpus-vt/impact-kb-kranten/xml/00538310.xml	02d20633afbc3b19e14edbd87c619666271cfb4c03e050316a039507c37e8e8d
kb_00538311	PAGE	/Users/marcel/corpus-vt/impact-kb-kranten/xml/00538311.xml	222137abf8f55c1fef4dc4e5bf642f2b95e28cfaa3becdb62b915c7a848f8117
kb_00538312	PAGE	/Users/marcel/corpus-vt/impact-kb-kranten/xml/00538312.xml	942b0e2699108e0fb1ac4c94118710e11fb8815303d950b139a52b676ebd3770
kb_00538313	PAGE	/Users/marcel/corpus-vt/impact-kb-kranten/xml/00538313.xml	00e3a336825bbe7449fbb06455786d0914c9cb36fc908c1308e499839deb45f4
kb_00538314	PAGE	/Users/marcel/corpus-vt/impact-kb-kranten/xml/00538314.xml	15de80877d522178adf305127e20640c840b8f9266103df8e6c4155bf5c0ce10
kb_00538315	PAGE	/Users/marcel/corpus-vt/impact-kb-kranten/xml/00538315.xml	b348d516bf63762f14b26b0f868b6443fb91fae87e17688c57f979727faad0ec
kb_00538316	PAGE	/Users/marcel/corpus-vt/impact-kb-kranten/xml/00538316.xml	20e9054dba3d6202460faf4c9493a7d8a5d70e8376426dd479a25e637364e7e7
kb_00538317	PAGE	/Users/marcel/corpus-vt/impact-kb-kranten/xml/00538317.xml	e233c59d08f1959ead7c8e2b95136bfea48a417e14bfa44ac4e59e0270b84e63
kb_00538318	PAGE	/Users/marcel/corpus-vt/impact-kb-kranten/xml/00538318.xml	c35454fd41beda608a6e37813ff85027b1a08ef801b7315d8088acbb5aa6a7b7
kb_00538319	PAGE	/Users/marcel/corpus-vt/impact-kb-kranten/xml/00538319.xml	035e3ea33e373f79ed7af9b4f86422b842b893327644d1868034d0ae00e957cd
kb_00538320	PAGE	/Users/marcel/corpus-vt/impact-kb-kranten/xml/00538320.xml	0e6ced96af9795a7e6efce0d2c8d0adcea17069bf2046f989ca81367bc28de20
kb_00538321	PAGE	/Users/marcel/corpus-vt/impact-kb-kranten/xml/00538321.xml	fdeecf45bf62a275ad859e219980960ec642b922182c5b1167852a99b6de479f
kb_00538322	PAGE	/Users/marcel/corpus-vt/impact-kb-kranten/xml/00538322.xml	7f744668404d5601fc5b0bd5a88b396f28771f726ba25404c2c274ba7b87c142
kb_00538323	PAGE	/Users/marcel/corpus-vt/impact-kb-kranten/xml/00538323.xml	bd1eddcea7df9a24dabbb4eae2e4666c19ab41e6c97e8a5285ab00d285b7e414
kb_00538324	PAGE	/Users/marcel/corpus-vt/impact-kb-kranten/xml/00538324.xml	a918540fd090e82657f0e2ff0fcadf67cc5d810c0c6a00420b6a55ad69483694
kb_00538325	PAGE	/Users/marcel/corpus-vt/impact-kb-kranten/xml/00538325.xml	6355325ce0d0aedf436751496c35cb2a91ea4f975ac421ce8c8225adf5149a21
kb_00538326	PAGE	/Users/marcel/corpus-vt/impact-kb-kranten/xml/00538326.xml	f64c6e228929dc81c2ff4f99fb3e822259ed1ec632572ae9ba599d69216dabbf
kb_00538327	PAGE	/Users/marcel/corpus-vt/impact-kb-kranten/xml/00538327.xml	44482599ddbd4f1e181ce705965b308e5a36ef18246ac9fd18b3e4a056483234
kb_00538328	PAGE	/Users/marcel/corpus-vt/impact-kb-kranten/xml/00538328.xml	044c8acaf5be550756720f656f83a2ec1b678bba483b525bc371976365adefff
kb_00538329	PAGE	/Users/marcel/corpus-vt/impact-kb-kranten/xml/00538329.xml	470f0f3fb1102c3f93a43b4f44af598a43328f794f705787cd0a4b9329b90e18
kb_00538330	PAGE	/Users/marcel/corpus-vt/impact-kb-kranten/xml/00538330.xml	eab275858733b48d0d0fd3173d0f2adca76c7b839819b5e0d2aba7c83f05cc5b
kb_00538331	PAGE	/Users/marcel/corpus-vt/impact-kb-kranten/xml/00538331.xml	c22b1a076d9f99bce9b48ca4b472509d5cb135a6e47ae4f62849cf337eb18ecf
kb_00538332	PAGE	/Users/marcel/corpus-vt/impact-kb-kranten/xml/00538332.xml	ea0018d5b61f7e2e3399a700000c647d75def8cdc1ae5880817fdd98daa64505
kb_00538333	PAGE	/Users/marcel/corpus-vt/impact-kb-kranten/xml/00538333.xml	9d56f5a5c44d977fe4c22b21c3aef3f259a84f8f3bc6c38a0a57313f39dda7a8
kb_00538334	PAGE	/Users/marcel/corpus-vt/impact-kb-kranten/xml/00538334.xml	47bfd3017e1693eb4c7086bd6a4314835a647b430928f7f9261e090156ef0dc9
kb_00538335	PAGE	/Users/marcel/corpus-vt/impact-kb-kranten/xml/00538335.xml	6afd5b79ddd407c36b7c6912eb8f7e7c76243f635451f1881d0623ddcd9cc82e
kb_00538336	PAGE	/Users/marcel/corpus-vt/impact-kb-kranten/xml/00538336.xml	bb47b7b6f0753848b9ccd668be7035aeb9b9d60c73f4f2937a0b53296cb4d676
kb_00538337	PAGE	/Users/marcel/corpus-vt/impact-kb-kranten/xml/00538337.xml	61aa3b5aa8ef726543e84fbaa0b0af85e2adb2f3a64271e94cb0f0412d377662
kb_00538338	PAGE	/Users/marcel/corpus-vt/impact-kb-kranten/xml/00538338.xml	3214c5e5676e5ccc8c94538d9a117dae38c296ff002ebdc18bff380b14ab68b9
kb_00538339	PAGE	/Users/marcel/corpus-vt/impact-kb-kranten/xml/00538339.xml	79feeeb1253fae9525c6cd64de8184da491bff05a880296146a2c006e7fc50f8
kb_00538340	PAGE	/Users/marcel/corpus-vt/impact-kb-kranten/xml/00538340.xml	50fdd9be882f9327e9dab02a27301213006fc4e0b374b81095a4be7a6e2267aa
kb_00538341	PAGE	/Users/marcel/corpus-vt/impact-kb-kranten/xml/00538341.xml	2883d98f6613f638fd0d2e1953eccd2eaddf40703a6483c413636301f50fe949
kb_00538342	PAGE	/Users/marcel/corpus-vt/impact-kb-kranten/xml/00538342.xml	bef08602e4d26e322d8f2ec125d0e5d8436a782b7200a6b59712dd5deea871c0
kb_00538343	PAGE	/Users/marcel/corpus-vt/impact-kb-kranten/xml/00538343.xml	0e3ba3d8949f732d4bf5619f36b8b93a940131b65acc32e6a6e481cb479ca94a
kb_00538344	PAGE	/Users/marcel/corpus-vt/impact-kb-kranten/xml/00538344.xml	d12c11a5ddea4da7eefb0dfda7c484d24715c4df7c7dc258c0430053507ec399
kb_00538345	PAGE	/Users/marcel/corpus-vt/impact-kb-kranten/xml/00538345.xml	598e38b95d5e8fd996b0f20a852a5e658cc899cb4817658ca4ef4e3bf7b46c69
kb_00538346	PAGE	/Users/marcel/corpus-vt/impact-kb-kranten/xml/00538346.xml	6df7592cbf48037bab9732d7b6a6240243999d70b504ff246fdc707ec8ab89bc
kb_00538347	PAGE	/Users/marcel/corpus-vt/impact-kb-kranten/xml/00538347.xml	367ddb509aea730e41f4a3de0deeab50ffbef27b641da41250b54d9f69fd2a9f
kb_00538348	PAGE	/Users/marcel/corpus-vt/impact-kb-kranten/xml/00538348.xml	fa9ef82d8bdeee633240f5c7803711c3116ef670b7cb49b12f4d786410a375f7
kb_00538349	PAGE	/Users/marcel/corpus-vt/impact-kb-kranten/xml/00538349.xml	2b2552f6bf2d7fd1881b25831281bbcf5594690f792aa044b7de0a469167197b
kb_00538350	PAGE	/Users/marcel/corpus-vt/impact-kb-kranten/xml/00538350.xml	7815bc6f0099b88326a17ba455836f56f054055aeeaa440d964a66885690ebf3
kb_00538351	PAGE	/Users/marcel/corpus-vt/impact-kb-kranten/xml/00538351.xml	f1b70eeaeba3d66121b9a66bd332d107dfcac2deb6a8c858b91ceee988a579cf
kb_00538352	PAGE	/Users/marcel/corpus-vt/impact-kb-kranten/xml/00538352.xml	ff335773ebace45f589225780255102352c554ce8c2d3ef178ed4ead0afb2832
kb_00538353	PAGE	/Users/marcel/corpus-vt/impact-kb-kranten/xml/00538353.xml	4177ca886748c4a36355d7d4f162cf6ddd5361b6b518ea8f7be96eab5c47cc4c
kb_00538354	PAGE	/Users/marcel/corpus-vt/impact-kb-kranten/xml/00538354.xml	ed8aad6471589026a3b499ee3c15eeebbe3a7ca17b99742c23cab40b384b3c68
kb_00538355	PAGE	/Users/marcel/corpus-vt/impact-kb-kranten/xml/00538355.xml	f43b887da49f8457380240ff43406b29d92dde3752320570e1403297108fee84
kb_00538356	PAGE	/Users/marcel/corpus-vt/impact-kb-kranten/xml/00538356.xml	aeaf1eb75dacaf55723602f19e0c9cbf697d549905565193fe4b89ae39fc1133
kb_00538357	PAGE	/Users/marcel/corpus-vt/impact-kb-kranten/xml/00538357.xml	92e88b1f74a5fb7941a9cac0fee4ce3f06f3c71eef22d7a95aa6e431a50cc373
kb_00538358	PAGE	/Users/marcel/corpus-vt/impact-kb-kranten/xml/00538358.xml	07ab509033230e5b283414807f55f13eaa64f4802954c0b4b9006dbaac970613
kb_00538359	PAGE	/Users/marcel/corpus-vt/impact-kb-kranten/xml/00538359.xml	2735af1a906f8769d1e4578c91028e8027fdf23cb7c6738392a25ae4d21fe41c
kb_00538360	PAGE	/Users/marcel/corpus-vt/impact-kb-kranten/xml/00538360.xml	cc21f3790438b628e53bca37b8ece978a5d5e4933c75d7372c38fabdbaf953bb
kb_00538361	PAGE	/Users/marcel/corpus-vt/impact-kb-kranten/xml/00538361.xml	ddfa2dfec12a41168cd20f98868bc4016d3d102540b00bc4a86c36f5b66441a6
kb_00538362	PAGE	/Users/marcel/corpus-vt/impact-kb-kranten/xml/00538362.xml	bc241c644a4ca61664c7ecc2bcd3dff5d7c144a731924ce9a6a7d92398584a1a
kb_00538363	PAGE	/Users/marcel/corpus-vt/impact-kb-kranten/xml/00538363.xml	f6b866e8127457d1c223f57b41d6bb577ff738d5772911e0adc66ac5b1f9d186
kb_00538364	PAGE	/Users/marcel/corpus-vt/impact-kb-kranten/xml/00538364.xml	cfdd9d29ad3fac5a8a56c810d068ba8e3477d99611a8e0ef5655ea62349a4202
kb_00538365	PAGE	/Users/marcel/corpus-vt/impact-kb-kranten/xml/00538365.xml	4bfc669dd8e4d9bad978ca07dd9dda3b05b7bf8f575dc05c6f943c49fede3b71
kb_00538366	PAGE	/Users/marcel/corpus-vt/impact-kb-kranten/xml/00538366.xml	ff611a228b58e89c855811d7cefb83ced4d2db80b99f17c44d87934b67bbeafb
kb_00538367	PAGE	/Users/marcel/corpus-vt/impact-kb-kranten/xml/00538367.xml	eb1469ae3b8d27d49f2e7e2f86525b612f4505055d6e1cc9197935832a7ae655
kb_00538368	PAGE	/Users/marcel/corpus-vt/impact-kb-kranten/xml/00538368.xml	a0659e33673ef8f428cbe20eed4a4120dd610b88371240de26966fdf3631d3a0
kb_00538369	PAGE	/Users/marcel/corpus-vt/impact-kb-kranten/xml/00538369.xml	8eece92e4fd23728831b24147916b7d30fc41316324ad4c7937b2489747e93d0
kb_00538370	PAGE	/Users/marcel/corpus-vt/impact-kb-kranten/xml/00538370.xml	2a55fdfc63e77ea19ff6ee5377a9f8ef45f8154daf1539e3e2b3d99ef4172e82
kb_00538371	PAGE	/Users/marcel/corpus-vt/impact-kb-kranten/xml/00538371.xml	1a1759db9765f6e6141cfb8be7953ffa768e211fad787d925544da33ba3c2792
kb_00538372	PAGE	/Users/marcel/corpus-vt/impact-kb-kranten/xml/00538372.xml	7a2b514a3a88d9646d43d2b671b3e6d852cf57bddea14f23a5b01dc9f1a9cbf1
kb_00538373	PAGE	/Users/marcel/corpus-vt/impact-kb-kranten/xml/00538373.xml	c1bcbb4bad8fa1d6c44e9bb67e2441dcf26ae466d9363d5bb885221b012ede01
kb_00538374	PAGE	/Users/marcel/corpus-vt/impact-kb-kranten/xml/00538374.xml	bf7ba7f4cb2caaccfc343987281ff4277ed6b867c76ce6d6e7bd7c29b2c09964
kb_00538375	PAGE	/Users/marcel/corpus-vt/impact-kb-kranten/xml/00538375.xml	385b6373a7c4b997e088cf0953f89db61a076a9f0a9f0942916adaaae9036686
kb_00538376	PAGE	/Users/marcel/corpus-vt/impact-kb-kranten/xml/00538376.xml	ed34f6899159519fc6f713472ca4e50968d8e2f3c75592682748b0c268c6c06c
kb_00538377	PAGE	/Users/marcel/corpus-vt/impact-kb-kranten/xml/00538377.xml	acb2399b2de73fa55562409d03df1b27d02268a002bed2115d55cd61fa793135
kb_00538378	PAGE	/Users/marcel/corpus-vt/impact-kb-kranten/xml/00538378.xml	df60d58b81ef2ee4e62944986ab87e608f084fdc29e51ff29e0e9b3d0f3355c1
kb_00538379	PAGE	/Users/marcel/corpus-vt/impact-kb-kranten/xml/00538379.xml	83909ef1f24b7dec5c1391a2c1f72bbe974ba045f3ee62750a89990283a3d980
kb_00538380	PAGE	/Users/marcel/corpus-vt/impact-kb-kranten/xml/00538380.xml	4103e28dab5453dc20952b50a8d0b643417a1f439593794847a9924c9397f5f0
kb_00538381	PAGE	/Users/marcel/corpus-vt/impact-kb-kranten/xml/00538381.xml	36a1719baeb37cafe8275e0d61fc84b0911b1bd93099a0e46dcb410102399823
kb_00538382	PAGE	/Users/marcel/corpus-vt/impact-kb-kranten/xml/00538382.xml	eccf2ffc71519dda5e68f0ade0f7424915f35c008cc0b31083cc91144fc75d8b
kb_00538383	PAGE	/Users/marcel/corpus-vt/impact-kb-kranten/xml/00538383.xml	b9200af70ea0df6c91038254e9e46d39fb907a8ad23f98bb6c1a47833d5a9983
kb_00538384	PAGE	/Users/marcel/corpus-vt/impact-kb-kranten/xml/00538384.xml	8f007c87a39026be7b8cf329f0899b3397e0cc72ea11d61662570e4385665c72
kb_00538385	PAGE	/Users/marcel/corpus-vt/impact-kb-kranten/xml/00538385.xml	c59ee2d2d1359bd9de78687093578915f92f7cb158de14532c9c4243d26547dd
kb_00538386	PAGE	/Users/marcel/corpus-vt/impact-kb-kranten/xml/00538386.xml	8ef10c2dc0a11c7e5003701e4f8efc85b28d47413f25733cdae154f91675345f
kb_00538387	PAGE	/Users/marcel/corpus-vt/impact-kb-kranten/xml/00538387.xml	aadec06a39473a009a74700a2b473da386aa59a489fd91f3c16fe4c385f66074
kb_00538388	PAGE	/Users/marcel/corpus-vt/impact-kb-kranten/xml/00538388.xml	e4bdfbace83f1cb53784e329edc6b9b73c2778dc29419c5dc98879adcf6ae838
kb_00538389	PAGE	/Users/marcel/corpus-vt/impact-kb-kranten/xml/00538389.xml	bfa01a163431e062060c7a0d8289227e5d28167eb6a7d2ff48eb60dcdde22310
kb_00538390	PAGE	/Users/marcel/corpus-vt/impact-kb-kranten/xml/00538390.xml	97240676722483d761e6c49b6e336a18b8f9660056862dd8e6bebe57d61df1d9
kb_00538391	PAGE	/Users/marcel/corpus-vt/impact-kb-kranten/xml/00538391.xml	c678c75a0ee20aad56ccf61358ab9d9ddf223d50e7458977686da0c9a1b35208
kb_00538392	PAGE	/Users/marcel/corpus-vt/impact-kb-kranten/xml/00538392.xml	435f39beb5b44882e2398bc796575a819141a8852344d0d9cdf99f0e0cb2bd88
kb_00538393	PAGE	/Users/marcel/corpus-vt/impact-kb-kranten/xml/00538393.xml	b64964aaef3392ec8314f530ab6e362e28f560c904e0c8b9acc4755cb779ce98
kb_00538394	PAGE	/Users/marcel/corpus-vt/impact-kb-kranten/xml/00538394.xml	04fe53104b081c4abfc611c1d0ec24eab4964dd76c0ea2fbfdb53963b6ca061a
kb_00538395	PAGE	/Users/marcel/corpus-vt/impact-kb-kranten/xml/00538395.xml	130db34c20c8ea54c567914e66003cf0a758eae519e1d6c29d86540570870f5d
kb_00538396	PAGE	/Users/marcel/corpus-vt/impact-kb-kranten/xml/00538396.xml	1ba9da9911d3f640b72c5a1d4733918c5de7fd299d2ad9ed24f409a51b0f8c21
kb_00538397	PAGE	/Users/marcel/corpus-vt/impact-kb-kranten/xml/00538397.xml	c035a27748e504c88f6fb6185230eaecb0cbb1b443129eb18e41bf8684699d39
kb_00538398	PAGE	/Users/marcel/corpus-vt/impact-kb-kranten/xml/00538398.xml	7a5ae80a51bdea0de4196728c11addd5bb07f74b31348ce42dc723019bb51aef
kb_00538399	PAGE	/Users/marcel/corpus-vt/impact-kb-kranten/xml/00538399.xml	5d022e89c5f13772eeb7b430f7e3e7cc40ae486fc6b2b99fe132c4c207804f12
kb_00538400	PAGE	/Users/marcel/corpus-vt/impact-kb-kranten/xml/00538400.xml	1d0f2a32072d44a700da2b3f8342b43b0c321d05ecde580eac2f0cce68a9d520
kb_00538401	PAGE	/Users/marcel/corpus-vt/impact-kb-kranten/xml/00538401.xml	8ab0a53056537b04d12b583a4e8ddac1ed0ae2577c0ddb8a9a3f5048a5e66c4a
kb_00538402	PAGE	/Users/marcel/corpus-vt/impact-kb-kranten/xml/00538402.xml	7b0f360902e987f5b34be4da78b9f85c6f99123da144c455b9e6882a4cb3fffd
kb_00538403	PAGE	/Users/marcel/corpus-vt/impact-kb-kranten/xml/00538403.xml	7de7043d4a6ed1f599a0bbb645d593550f5034a6de1404323bf12f06850cba28
kb_00538404	PAGE	/Users/marcel/corpus-vt/impact-kb-kranten/xml/00538404.xml	daf31a169dac8c6f2ded7372270f7c0b45b19e3c18a24ceb1b6c57a546d650fa
kb_00538405	PAGE	/Users/marcel/corpus-vt/impact-kb-kranten/xml/00538405.xml	ef7ae40dc5f9564e1a25f2ff5415349485d8170057b71fe5da5901ea8426d02f
kb_00538406	PAGE	/Users/marcel/corpus-vt/impact-kb-kranten/xml/00538406.xml	7bf551e6d3d00168479aba6efa39a6f67d05fc8043640ddf2d95d3c19be7a198
kb_00538407	PAGE	/Users/marcel/corpus-vt/impact-kb-kranten/xml/00538407.xml	2f7574e4cfe77189bf71346d6d7f8194f9ea62a6fa24408d4667080b0e43f777
kb_00538408	PAGE	/Users/marcel/corpus-vt/impact-kb-kranten/xml/00538408.xml	f3cdf3e300bdf93ad368e1f277dbe763a99ec20d5c94880183f4fafb707feb31
kb_00538409	PAGE	/Users/marcel/corpus-vt/impact-kb-kranten/xml/00538409.xml	da1d5ac5442c8e9ad1a495c6fb48877dd107936c8f35bf98d7e8319c03e56f15
kb_00538410	PAGE	/Users/marcel/corpus-vt/impact-kb-kranten/xml/00538410.xml	b9a1806b15b20152a798b0cd5654edb7898b42df90d93321338447fbeebd27cc
kb_00538411	PAGE	/Users/marcel/corpus-vt/impact-kb-kranten/xml/00538411.xml	8f1a9c6cc004ea92f1df3b72a07d61984dd14dda85c79575fb7aeaed4f6e8c5b
kb_00538412	PAGE	/Users/marcel/corpus-vt/impact-kb-kranten/xml/00538412.xml	2dc276e17e96d083e00606943c68669408221b5650cbe805ca1052a139eaba1c
kb_00538413	PAGE	/Users/marcel/corpus-vt/impact-kb-kranten/xml/00538413.xml	1186124469e6049cfba848326a06a920402da09cdcc36d7c40918d6690b73a81
kb_00538414	PAGE	/Users/marcel/corpus-vt/impact-kb-kranten/xml/00538414.xml	c264630719b660436ba130caba84d76c9e07af0c392d132c4e63c436ee1b25cc
kb_00538415	PAGE	/Users/marcel/corpus-vt/impact-kb-kranten/xml/00538415.xml	5813e47c1f77c079ca8724ab3bc6322ac75d9c84bc7b82b0cba7e5f2c4669bde
kb_00538416	PAGE	/Users/marcel/corpus-vt/impact-kb-kranten/xml/00538416.xml	068055de5887e99e19e8af77acbe81d8a34535f8af8389d75060239335df9db3
kb_00538417	PAGE	/Users/marcel/corpus-vt/impact-kb-kranten/xml/00538417.xml	29a4120cffb620cf912cdd1c2be86abc415a1f96efa5c688b7b1c7437f7cec00
kb_00538418	PAGE	/Users/marcel/corpus-vt/impact-kb-kranten/xml/00538418.xml	6bb60acff56ea00fd7809e4d4f07c4b35c570730324215c33e2a6538bb5c7536
kb_00538419	PAGE	/Users/marcel/corpus-vt/impact-kb-kranten/xml/00538419.xml	4808947f477af6432049a85c41196123f71e6dd8711880c6f2bd3a854069bf45
kb_00538420	PAGE	/Users/marcel/corpus-vt/impact-kb-kranten/xml/00538420.xml	bc5b172cbaaf6d876f1afe791fdc2b6abf3c6b1d0c95198b52726125c987d8de
kb_00538421	PAGE	/Users/marcel/corpus-vt/impact-kb-kranten/xml/00538421.xml	6714c19bc5ef70bb1eea77a232ae17e7fdc9427de71d098fa6fd3e7414a2b839
kb_00538422	PAGE	/Users/marcel/corpus-vt/impact-kb-kranten/xml/00538422.xml	4410707dc961d23c2b65625b24e01530b485e3482a4da1ce9eb10bc53db38f50
kb_00538423	PAGE	/Users/marcel/corpus-vt/impact-kb-kranten/xml/00538423.xml	aa64c7a71dc22637d1bd89d8dbd6fa89b4bbb15a9468bd68a1f09999e6664c52
kb_00538424	PAGE	/Users/marcel/corpus-vt/impact-kb-kranten/xml/00538424.xml	c710864de88e4a303f09e99ebceb4bd360156b7bd7bb90848e86a59549668906
kb_00538425	PAGE	/Users/marcel/corpus-vt/impact-kb-kranten/xml/00538425.xml	4fc945e0b6807c8b48a2b037da72907232a84314dda7610db6c220a330ec9a12
kb_00538426	PAGE	/Users/marcel/corpus-vt/impact-kb-kranten/xml/00538426.xml	394547fae7cd9e0d91da6bd2c0bc30e33e0f33b55f141a31e1764f3fee8d58dd
kb_00538427	PAGE	/Users/marcel/corpus-vt/impact-kb-kranten/xml/00538427.xml	2e5c7a88a32fa5d497ee74b2ff604c82c1e742c4c4f6d0720afebeac5e41c728
kb_00538428	PAGE	/Users/marcel/corpus-vt/impact-kb-kranten/xml/00538428.xml	1baea4afd32583925b5a5ccfd199c7874754038458716bc9f06699f0079fff72
kb_00538429	PAGE	/Users/marcel/corpus-vt/impact-kb-kranten/xml/00538429.xml	615f204ca4e1647d313cb58a32d134f0ad6ef71ac49ae5c439421d07eb6b4139
kb_00538430	PAGE	/Users/marcel/corpus-vt/impact-kb-kranten/xml/00538430.xml	83203637316f8d77410cfda16b37003937defef2db4ea5da14e0baec65dc8b82
kb_00538431	PAGE	/Users/marcel/corpus-vt/impact-kb-kranten/xml/00538431.xml	240c763dd8ccc943280c0cecd8f2f13a6ff04ba94f1a0afce99cec31255f3501
kb_00538432	PAGE	/Users/marcel/corpus-vt/impact-kb-kranten/xml/00538432.xml	234247607290ee3878346ce7fd51f28e3124d2151ca3d9fe921471656bd85c84
kb_00538433	PAGE	/Users/marcel/corpus-vt/impact-kb-kranten/xml/00538433.xml	5fedd866841ca31086c588292040040b8ed8a209fe9fbf8bac1b66df17b4e1f2
kb_00538434	PAGE	/Users/marcel/corpus-vt/impact-kb-kranten/xml/00538434.xml	3e5fef90d2b2e88527cdf02a5e16c0e2b3eb117dd7a33d0f0b6cbe61bbdee9f8
kb_00538435	PAGE	/Users/marcel/corpus-vt/impact-kb-kranten/xml/00538435.xml	ba712cae3573785b181141d03b1b9c99c94fc1abc4b0bc2f1a5fea3510f6dd43
kb_00538436	PAGE	/Users/marcel/corpus-vt/impact-kb-kranten/xml/00538436.xml	886846409770507e61c00827884c79252f54eccad0092c4f27358093520273bf
kb_00538437	PAGE	/Users/marcel/corpus-vt/impact-kb-kranten/xml/00538437.xml	dbfa3228b86336195bc07b8f5411f7949032e04f989c4f118c60f7fdd13740db
kb_00538438	PAGE	/Users/marcel/corpus-vt/impact-kb-kranten/xml/00538438.xml	d0f4977814a40c47dfc50ab04dc76e03a369dd34c0626e092048f8e66cfa226a
kb_00538439	PAGE	/Users/marcel/corpus-vt/impact-kb-kranten/xml/00538439.xml	dadec4bd0e46a0afe0757d140de58b645f46b92f1498b03e7f2c6a13bf281212
kb_00538440	PAGE	/Users/marcel/corpus-vt/impact-kb-kranten/xml/00538440.xml	5dc09918ff906806966a18c8805bf5995e006a0d1f38cfafe92a227707439779
kb_00538441	PAGE	/Users/marcel/corpus-vt/impact-kb-kranten/xml/00538441.xml	1e7389a0f8cc70fb16ca345675392669052f5b8aa465037aa1ff91b7e7750737
kb_00538442	PAGE	/Users/marcel/corpus-vt/impact-kb-kranten/xml/00538442.xml	07c4b7fc9b630ce70f8326d0a8c16731320e771dd6604bdf6d22c00dc073b296
kb_00538443	PAGE	/Users/marcel/corpus-vt/impact-kb-kranten/xml/00538443.xml	870451700c18c2606bb342390720c5e74b83df8619850264e9f0cb8b8b47acf9
kb_00538444	PAGE	/Users/marcel/corpus-vt/impact-kb-kranten/xml/00538444.xml	a31c0069efa5c400e0a06326d8a8f3e359fcdd9f970e1dfd27779fb62f9e2fae
kb_00538445	PAGE	/Users/marcel/corpus-vt/impact-kb-kranten/xml/00538445.xml	582bff23f9ff16b738d156aa0009f54a422c38de25297f9694bc8be0794dbae1
kb_00538446	PAGE	/Users/marcel/corpus-vt/impact-kb-kranten/xml/00538446.xml	50a95631200b0a9d274928c0fc39594550d2a3cb72d24da4434e0df3b6e225a0
kb_00538447	PAGE	/Users/marcel/corpus-vt/impact-kb-kranten/xml/00538447.xml	84e5752e9365ea21f1b388f63b11df511285746535c1cb47949f1dea571dcd5d
kb_00538448	PAGE	/Users/marcel/corpus-vt/impact-kb-kranten/xml/00538448.xml	0216abf1ef614c7d9c4608f5708eae44969ed09d6608bbf88191d816a633a848
kb_00538449	PAGE	/Users/marcel/corpus-vt/impact-kb-kranten/xml/00538449.xml	2488106769113185d75223e84e2d32c8b833280e7531a9c37d4945bae4835a80
kb_00538450	PAGE	/Users/marcel/corpus-vt/impact-kb-kranten/xml/00538450.xml	a7ae011e4273ade992d647012f224cbeb31f674cca1adcf0ce3e500b3436e656
kb_00538451	PAGE	/Users/marcel/corpus-vt/impact-kb-kranten/xml/00538451.xml	65e2821d80527b8fa6b74b1ee5097b44e07a6049ff39ff8b5a1b45d2b063ce9f
kb_00538452	PAGE	/Users/marcel/corpus-vt/impact-kb-kranten/xml/00538452.xml	23b2007e40961179fa23000871f67c1014f5dc29b052215d90cf041602cefb94
kb_00538453	PAGE	/Users/marcel/corpus-vt/impact-kb-kranten/xml/00538453.xml	8e803df09a96b93ba36b073a1d4c32161b919c725541731730dabf6a587d833c
kb_00538454	PAGE	/Users/marcel/corpus-vt/impact-kb-kranten/xml/00538454.xml	d6df4e4e90ea5ce1bb660b07f56ab2e0b4c0190ae1727ccd26ef46a31c4d6764
kb_00538455	PAGE	/Users/marcel/corpus-vt/impact-kb-kranten/xml/00538455.xml	8aa3b03184a22517333421132a4494d802444927b745be05291829aaf28a46d2
kb_00538456	PAGE	/Users/marcel/corpus-vt/impact-kb-kranten/xml/00538456.xml	5cff6afab2ee6b8c30be9a5c0d98bd916373b59529cde9006b24088127e6825f
kb_00538457	PAGE	/Users/marcel/corpus-vt/impact-kb-kranten/xml/00538457.xml	1b09c960a083a5e502d0c3a0278abb3896ad3acfa75899d655c5753c671e0d75
kb_00538458	PAGE	/Users/marcel/corpus-vt/impact-kb-kranten/xml/00538458.xml	fd4020a8ca5bfa6f2c44982a8ef59cbcbc419790b13c4a2cc7fc5287401379d0
kb_00538459	PAGE	/Users/marcel/corpus-vt/impact-kb-kranten/xml/00538459.xml	1530dc0f769a60fc4283a3f2455832f3c8f60dba9b6ba8f2117ccd7e5675ff68
kb_00538460	PAGE	/Users/marcel/corpus-vt/impact-kb-kranten/xml/00538460.xml	83dba43efce0425b0770c87df61255e81b5d04d0203758fe9b59717816834221
kb_00538461	PAGE	/Users/marcel/corpus-vt/impact-kb-kranten/xml/00538461.xml	9987c9c0d84fd947bc6f6608e5f1b80a7fae8c957aa6d41181a501ba5de9c24e
kb_00538462	PAGE	/Users/marcel/corpus-vt/impact-kb-kranten/xml/00538462.xml	19c7486b9126f63c8a78939199f12452170ba3f637fe254fc4a5108c1e91cd93
kb_00538463	PAGE	/Users/marcel/corpus-vt/impact-kb-kranten/xml/00538463.xml	194132cc4bcd9b34e7f7d2638713cf1214c1ffc5f50fad8799b9f33721866738
kb_00538464	PAGE	/Users/marcel/corpus-vt/impact-kb-kranten/xml/00538464.xml	fe0c770a4dd34a002d2e5a421d9462f0228bab7e7cd5992b9186d4d83581969c
kb_00538465	PAGE	/Users/marcel/corpus-vt/impact-kb-kranten/xml/00538465.xml	10e2c900d8cbc73a6c8984beef1232e6ebd069481246dd0a002b2a4fe5df2679
kb_00538466	PAGE	/Users/marcel/corpus-vt/impact-kb-kranten/xml/00538466.xml	372cc43d515900177f4d2679d82abeb217011dc23d99f49d4764428ff7b2de5a
kb_00538467	PAGE	/Users/marcel/corpus-vt/impact-kb-kranten/xml/00538467.xml	d242cabe9fd76def7ce2c973831b52e49cc96967868e490f84fb02a378ae1523
kb_00538468	PAGE	/Users/marcel/corpus-vt/impact-kb-kranten/xml/00538468.xml	aaa812baa4beb721b00ecd0f573a2b3151a7c2c6c910cadbabea8710a1305869
kb_00538469	PAGE	/Users/marcel/corpus-vt/impact-kb-kranten/xml/00538469.xml	e4661df7f820c29650da1a3d568995ebd65669a22b03417190419cb27d13cfff
kb_00538470	PAGE	/Users/marcel/corpus-vt/impact-kb-kranten/xml/00538470.xml	ec460b5a23e3f3cd931236234bc71a709c5ba3f4b6b4fc204855af372c904eb1
kb_00538471	PAGE	/Users/marcel/corpus-vt/impact-kb-kranten/xml/00538471.xml	548380278d993d6a595b8e959aab9ba2d60a36ca14638de3a1376547fb6b34e0
kb_00538472	PAGE	/Users/marcel/corpus-vt/impact-kb-kranten/xml/00538472.xml	62dbcbed430fdbe901f75f3f086b7050ea91c7cdd66314c316c88eb6f487b90a
kb_00538473	PAGE	/Users/marcel/corpus-vt/impact-kb-kranten/xml/00538473.xml	9f11f65c4884f13b8d370f20e9c3d1f7fe59b0f82207d7bb5d655d2a247689f6
kb_00538474	PAGE	/Users/marcel/corpus-vt/impact-kb-kranten/xml/00538474.xml	a35d0d1633d6c8aed27ed68f8c687ecefb5a68253568247233b28e680bcd179d
kb_00538475	PAGE	/Users/marcel/corpus-vt/impact-kb-kranten/xml/00538475.xml	e93c8a27617a12aefd6728ed5591234e1c9cdf60b6233bea76f2555704606b24
kb_00538476	PAGE	/Users/marcel/corpus-vt/impact-kb-kranten/xml/00538476.xml	7e8cdb3dc8b207cab7b79aa3d9be545c826fbd29e8bae8c8ecb6206779f7603d
kb_00538477	PAGE	/Users/marcel/corpus-vt/impact-kb-kranten/xml/00538477.xml	07b8bc6df5fedc36bee83730319f7c3c218c8fb4081e55a58cceb353973b6ca7
kb_00538478	PAGE	/Users/marcel/corpus-vt/impact-kb-kranten/xml/00538478.xml	43a80b7c37e4bda74ab5d9f7b2886b277cc6a58140f018c63048bc9b5087ce0d
kb_00538479	PAGE	/Users/marcel/corpus-vt/impact-kb-kranten/xml/00538479.xml	07e4fc8a7c02b6312642f8ea39ac7479700b795c1a2e8f8c0666834c0a47bcc7
kb_00538480	PAGE	/Users/marcel/corpus-vt/impact-kb-kranten/xml/00538480.xml	8b39d3bf7c8bbb3bdeea39b53d91259942f7305ffb8ddea0f9f0a738f7e11087
kb_00538481	PAGE	/Users/marcel/corpus-vt/impact-kb-kranten/xml/00538481.xml	eb06162a4ec7d4a0f4a214d9310eaa98712314d9aa98a19410aa5ac8b102f005
kb_00538482	PAGE	/Users/marcel/corpus-vt/impact-kb-kranten/xml/00538482.xml	a28ca34b8595e4dfabfe800ec22f2fd23cec20676b0b0c64ffb79f6de23f5c6f
kb_00538483	PAGE	/Users/marcel/corpus-vt/impact-kb-kranten/xml/00538483.xml	55ec4ce2d0cb7a9393341d865d103f8a518f1335ebe90621f4a63958588b0edb
kb_00538484	PAGE	/Users/marcel/corpus-vt/impact-kb-kranten/xml/00538484.xml	465bf8abe95853a504916f1395fa6fc596ffb3712c6948e75dd1fb59df699f8e
kb_00538485	PAGE	/Users/marcel/corpus-vt/impact-kb-kranten/xml/00538485.xml	2b64895bdb5d2c127064e8c76b168f3afdd436536349ccc356ef283150b78655
kb_00538486	PAGE	/Users/marcel/corpus-vt/impact-kb-kranten/xml/00538486.xml	e3877c9dd0d6ea7b2f75c2d38bcd12925bceac2badd6c0f4608667d02e88b2e3
kb_00538487	PAGE	/Users/marcel/corpus-vt/impact-kb-kranten/xml/00538487.xml	16267995e0c86de4d53dc55499c2ff7e9bdd8898f44ad118fe631122ad5c2664
kb_00538488	PAGE	/Users/marcel/corpus-vt/impact-kb-kranten/xml/00538488.xml	a0468815b1b7e0eae19b4b61376bc480774344f2d3c8897812e9873794788fe2
kb_00538489	PAGE	/Users/marcel/corpus-vt/impact-kb-kranten/xml/00538489.xml	810deeaba9084c196e5e53652b4e72babaebe68b039c3735420ccca57854539d
kb_00538490	PAGE	/Users/marcel/corpus-vt/impact-kb-kranten/xml/00538490.xml	cecc7352385b460a0aa29ae3952705f80e54c4a746f4989414addc157f4cc83e
kb_00538491	PAGE	/Users/marcel/corpus-vt/impact-kb-kranten/xml/00538491.xml	06b5ed393e55c689e110f4b495f7f7950dae41c6af9c9ca9bf25231020969b9b
kb_00538492	PAGE	/Users/marcel/corpus-vt/impact-kb-kranten/xml/00538492.xml	3604e041d697f6357c17dc2d10941e0329bb16263fed01ce21c743222c955d98
kb_00538493	PAGE	/Users/marcel/corpus-vt/impact-kb-kranten/xml/00538493.xml	84565a53c25f9d2f6fad6ff6bfaa543ee0c7ee09ebb679ce2b2b5300207aa521
kb_00538494	PAGE	/Users/marcel/corpus-vt/impact-kb-kranten/xml/00538494.xml	991e4680492442c08a2021f7c67e3970aaa5f0ae856a091f41ee94b34d22f805
kb_00538495	PAGE	/Users/marcel/corpus-vt/impact-kb-kranten/xml/00538495.xml	4fbf403601790b1c35109a22e41264300ab0b5ed6e4095a4dcd016dd2cee24ec
kb_00538496	PAGE	/Users/marcel/corpus-vt/impact-kb-kranten/xml/00538496.xml	41a697b0d4d4875fbd193316718fa126c9545dfd250eb025df763b7c58215e2b
kb_00538497	PAGE	/Users/marcel/corpus-vt/impact-kb-kranten/xml/00538497.xml	70664c2230b4a49827c7bf3478d29d117af3cbb83bc4c78e38a390016c7ce6ef
kb_00538498	PAGE	/Users/marcel/corpus-vt/impact-kb-kranten/xml/00538498.xml	69958c2c5ba588dfa7da9b994da9b040b6032789a028c8c8adb5ba32235a3dfe
kb_00538499	PAGE	/Users/marcel/corpus-vt/impact-kb-kranten/xml/00538499.xml	ee582d987ada36aaff6f8df303492c1bb4c71185615c83d3d5835af8920854aa
kb_00538500	PAGE	/Users/marcel/corpus-vt/impact-kb-kranten/xml/00538500.xml	6dd0453e5fd3d90a2e3eef87fba708607eb9cb083409a64d35786f4d67681f8a
kb_00538501	PAGE	/Users/marcel/corpus-vt/impact-kb-kranten/xml/00538501.xml	05da7486fa36009b8cbaaaf08144629f39b60a5ec797ffec9646754a23e97afd
kb_00538502	PAGE	/Users/marcel/corpus-vt/impact-kb-kranten/xml/00538502.xml	11058b55cebd9a137ea381f747cc833bb442ff51b6071e0c6dfd4a8fe903dd9f
kb_00538503	PAGE	/Users/marcel/corpus-vt/impact-kb-kranten/xml/00538503.xml	e0f8bcdef5d980b23f77bffbdf41c9d8e0e4eba303899708cfacebab8e3b0227
kb_00538504	PAGE	/Users/marcel/corpus-vt/impact-kb-kranten/xml/00538504.xml	be9491c4893b40675391d9e0bbb3abefe0bd7fd5d7b9261e9a9962483401fe73
kb_00538505	PAGE	/Users/marcel/corpus-vt/impact-kb-kranten/xml/00538505.xml	04bd19064c7a4dc8cc924e63eca9b9a904e61f1da9c024dee6495b3424b6bd8a
kb_00538506	PAGE	/Users/marcel/corpus-vt/impact-kb-kranten/xml/00538506.xml	d5b8c1a63f24d5cc91a7d10c33a0a8a1d343059c61e8560234bb0992f2dd0fb5
kb_00538507	PAGE	/Users/marcel/corpus-vt/impact-kb-kranten/xml/00538507.xml	b92e3a29aadac5d7aa6ed1ad720fd19c6f34adf0dc616871e8b47b90c56d44f3
kb_00538508	PAGE	/Users/marcel/corpus-vt/impact-kb-kranten/xml/00538508.xml	0ba61fea0ebe1bbf78b7a236be9781942bacf36a9b698d79adc5ea109ba20751
kb_00538509	PAGE	/Users/marcel/corpus-vt/impact-kb-kranten/xml/00538509.xml	96fb211156863f764253e03d1da393a55f3057abb669f39699d7772b93c3da43
kb_00538510	PAGE	/Users/marcel/corpus-vt/impact-kb-kranten/xml/00538510.xml	ee7c34cfcde61bdd1fab59fa7b384f77f17509e3f381fe470f7ecdc91f2de324
kb_00538511	PAGE	/Users/marcel/corpus-vt/impact-kb-kranten/xml/00538511.xml	cc7edc94e94ec60914e18a92f2bb18790a5161d7a79b63ac9dee6bd9d6d5b5a5
kb_00538512	PAGE	/Users/marcel/corpus-vt/impact-kb-kranten/xml/00538512.xml	2a11674f9cb2666bdea5021256acd8cb9b5701e5be36f1fa2464d299c3daf1eb
kb_00538513	PAGE	/Users/marcel/corpus-vt/impact-kb-kranten/xml/00538513.xml	26609e27e1eaa7772d0debd3aa64928363d4bed5418e299d1df30448fa524341
kb_00538514	PAGE	/Users/marcel/corpus-vt/impact-kb-kranten/xml/00538514.xml	be1d010e5dac50dbe9a680703cbeae07947aa583bcf4abc086fcdbbfe4962d1d
kb_00538515	PAGE	/Users/marcel/corpus-vt/impact-kb-kranten/xml/00538515.xml	d3db854ade872eceaa3410a4fcbcb35b04251c6428328d4b26234baa2c1e861d
kb_00538516	PAGE	/Users/marcel/corpus-vt/impact-kb-kranten/xml/00538516.xml	4f3316b7196b5af33e19f2360d366d20fe52a1d63239c01272684011e935596c
kb_00538517	PAGE	/Users/marcel/corpus-vt/impact-kb-kranten/xml/00538517.xml	f1f635920487eec1c29d74a003ff0b219c4d209e6fe7a15659f7fdb533f31d2c
kb_00538518	PAGE	/Users/marcel/corpus-vt/impact-kb-kranten/xml/00538518.xml	4b226a045c6e7bf9f5b08e49f6036b3a8afe61a09aa92b3e191e530618a77534
kb_00538519	PAGE	/Users/marcel/corpus-vt/impact-kb-kranten/xml/00538519.xml	9de01b9ed50193d8c1dab059741f78aca03f536012b4cb53d890c2479c80fb2a
kb_00538520	PAGE	/Users/marcel/corpus-vt/impact-kb-kranten/xml/00538520.xml	df0febdf37db522581ac52cbadb7858351360f3f63f7c08e93e155f5d7392589
kb_00538521	PAGE	/Users/marcel/corpus-vt/impact-kb-kranten/xml/00538521.xml	fb24a4317c953421f7c48c221a537870cb4d0fb673c0cd8ebf57cdf66f2ff10d
kb_00538522	PAGE	/Users/marcel/corpus-vt/impact-kb-kranten/xml/00538522.xml	55891c955fb36fd240cb81bbe35aaa655cb28054a644a2263de1ef4094b0f4da
kb_00538523	PAGE	/Users/marcel/corpus-vt/impact-kb-kranten/xml/00538523.xml	2b324f4593cdb07750694c08f48fec541757bb257abf66af80ad67718a194501
kb_00538524	PAGE	/Users/marcel/corpus-vt/impact-kb-kranten/xml/00538524.xml	c18c817946453670839f6dd22d35bdc150ca7bb003ff063ae8f848291e194364
kb_00538525	PAGE	/Users/marcel/corpus-vt/impact-kb-kranten/xml/00538525.xml	e29992d7b574fbeef090b3f28dfa5ecb722ec7b867581514c9e184de10e7d483
kb_00538526	PAGE	/Users/marcel/corpus-vt/impact-kb-kranten/xml/00538526.xml	9a70b06211d50c9956bb0a9fca396da6376bcb6d5bebcc55932390e0ee242160
kb_00538527	PAGE	/Users/marcel/corpus-vt/impact-kb-kranten/xml/00538527.xml	ab85ad7e0f1b654a5675e2d7b97b01d41dd6159bfcbbe9dff777fec1b3010fad
kb_00538528	PAGE	/Users/marcel/corpus-vt/impact-kb-kranten/xml/00538528.xml	c0bb3146c9bcb1d966ee391b88f11f868ea190fb37d0e5b502826e9704f4fc9e
kb_00538529	PAGE	/Users/marcel/corpus-vt/impact-kb-kranten/xml/00538529.xml	de29124e6ce558ecb9ca7a00fb66dbe7f2f6de5067a2319d2861d86758bda420
kb_00538530	PAGE	/Users/marcel/corpus-vt/impact-kb-kranten/xml/00538530.xml	76b17db5e97601c6631adcf5ace04f8cb640882e1f84146a3c367f174d49766a
kb_00538531	PAGE	/Users/marcel/corpus-vt/impact-kb-kranten/xml/00538531.xml	93357fb1d15ca22d62d3df657ba5b528b91b5589f75c2af91d97ee198b427830
kb_00538532	PAGE	/Users/marcel/corpus-vt/impact-kb-kranten/xml/00538532.xml	1e19eeebd716f01e32981aedae8d84bcfde3a0c9ff9e111498f2b4b565eae7c9
kb_00538533	PAGE	/Users/marcel/corpus-vt/impact-kb-kranten/xml/00538533.xml	6b4ebf8d690c4ccc3ca74d3050e097c5816f2e0531f2ed154e277aecf2e4ddb0
kb_00538534	PAGE	/Users/marcel/corpus-vt/impact-kb-kranten/xml/00538534.xml	4f1e58896c139620810584887043cd3a61db78992f75dd3bfcaa9bcad046f8a1
kb_00538535	PAGE	/Users/marcel/corpus-vt/impact-kb-kranten/xml/00538535.xml	d580d05adb255c4f33453e0d6a64c59b6cb40244bafd98d28cd8af0534b8e79b
kb_00538536	PAGE	/Users/marcel/corpus-vt/impact-kb-kranten/xml/00538536.xml	d524117a65671d51d811e9573bcdcc7f9ae0259726dd8152190695107ee2ffa4
kb_00538537	PAGE	/Users/marcel/corpus-vt/impact-kb-kranten/xml/00538537.xml	9a26b0167e229a6f0cac966f9b388db3a89716d9bf2c7db5228d5e82ca212383
kb_00538538	PAGE	/Users/marcel/corpus-vt/impact-kb-kranten/xml/00538538.xml	65fcc7fe0721dd67f343aec910b631bae62b5e9004c236149be6073ee23377ba
kb_00538539	PAGE	/Users/marcel/corpus-vt/impact-kb-kranten/xml/00538539.xml	2de7d8e1e1be6f1e586c94105a583ed2980b45248b8e0ccad0abb7f998883c12
kb_00538540	PAGE	/Users/marcel/corpus-vt/impact-kb-kranten/xml/00538540.xml	047f8cdba82b9cf272ab9e376f914be48366a622c7d6147eec9fa45c8212442d
kb_00538541	PAGE	/Users/marcel/corpus-vt/impact-kb-kranten/xml/00538541.xml	1a91575a53d3c1e3d77ed0fdbf1f9446eff8eee1feacded34eaa47423b14ef70
kb_00538542	PAGE	/Users/marcel/corpus-vt/impact-kb-kranten/xml/00538542.xml	f0347dc621081ff7ac9d12c3a6cd111c247da0a4a4c1d30d4420f8a2490c24d8
kb_00538543	PAGE	/Users/marcel/corpus-vt/impact-kb-kranten/xml/00538543.xml	4498d0b94ba512b84424b54d63fb780f275eb3f4965ca0725802c0ded35cc404
kb_00538544	PAGE	/Users/marcel/corpus-vt/impact-kb-kranten/xml/00538544.xml	5dfd2e36e7ff10fde45c425ce01dd393a0335ecfdcdf790013de09a9dbb294fc
kb_00538545	PAGE	/Users/marcel/corpus-vt/impact-kb-kranten/xml/00538545.xml	23325e441c8d7878bb98d7bacacc9e783b5095aca2a41d4373ce523384466d21
kb_00538546	PAGE	/Users/marcel/corpus-vt/impact-kb-kranten/xml/00538546.xml	1424c0475dc7bd985b81d0b4000aca5e146d6713c79402e7ba30f40606d9db84
kb_00538547	PAGE	/Users/marcel/corpus-vt/impact-kb-kranten/xml/00538547.xml	5bded9ef55b357d5ccd4bbedf07efe4a17d15ea681f40497be454bda122418fa
kb_00538548	PAGE	/Users/marcel/corpus-vt/impact-kb-kranten/xml/00538548.xml	a0b9de796f02a27880d43635b64304ecd81dde41f5b68e8b53d88eb8422f0e58
kb_00538549	PAGE	/Users/marcel/corpus-vt/impact-kb-kranten/xml/00538549.xml	f3ad321b01f376733d1235bd9e9b5ff236f7fe2fa5c449491f36edcf5e272ec7
kb_00538550	PAGE	/Users/marcel/corpus-vt/impact-kb-kranten/xml/00538550.xml	2f933651b1a373cede7292f3ee35569b14bc5caae865b33424dec2c82a5806a3
kb_00538551	PAGE	/Users/marcel/corpus-vt/impact-kb-kranten/xml/00538551.xml	6a6cb45a865f6800da583b72829bb0a2b729f3dd0203ce873265cd7da3f12a78
kb_00538552	PAGE	/Users/marcel/corpus-vt/impact-kb-kranten/xml/00538552.xml	887a51cba8ea3e67ff2be34b3763b86cfa23d1a4c6da07bb5af51e50eff4845d
kb_00538553	PAGE	/Users/marcel/corpus-vt/impact-kb-kranten/xml/00538553.xml	926cfb1ba47e646bac88b7ceacce1d84a95ce030c9d6ac616ea416e3c7b12486
kb_00538554	PAGE	/Users/marcel/corpus-vt/impact-kb-kranten/xml/00538554.xml	98d3a68b505b8c5df5e805e25633a823c3e1917527b8e541cd54129c9f7eab9a
kb_00538555	PAGE	/Users/marcel/corpus-vt/impact-kb-kranten/xml/00538555.xml	fc19ce7cbdcf4310c679afbc9275b849d4a6e82f928c40fe24716f23e598aeca
kb_00538556	PAGE	/Users/marcel/corpus-vt/impact-kb-kranten/xml/00538556.xml	b9b29949361787ee0ae6de0ebf5c58d41b12e71d46830747995e6b628f7147cd
kb_00538557	PAGE	/Users/marcel/corpus-vt/impact-kb-kranten/xml/00538557.xml	647b7d62751f9393339d2aa5f9e4f5765daad142c8b82e6ce4c979604f246b31
kb_00538558	PAGE	/Users/marcel/corpus-vt/impact-kb-kranten/xml/00538558.xml	62d55491186f8b74d08f099f00ed397b5474cbfcfccd79071d71f0b8db0e942c
kb_00538559	PAGE	/Users/marcel/corpus-vt/impact-kb-kranten/xml/00538559.xml	cf7bcbe9dbd183600fb1488a370e5831880bf40ed4f568c7ca45f73ff8034456
kb_00538560	PAGE	/Users/marcel/corpus-vt/impact-kb-kranten/xml/00538560.xml	04921d238db41ca6ef9aa2c3df429f49a43c4ee141357b32f2f0e9af8669d795
kb_00538561	PAGE	/Users/marcel/corpus-vt/impact-kb-kranten/xml/00538561.xml	d0a29b129f0ff932f38df77f942875d7e519323e4c234516649a3aced8d2910c
kb_00538562	PAGE	/Users/marcel/corpus-vt/impact-kb-kranten/xml/00538562.xml	03e1a7184f23386b30b4ca1861f99104ad23f58e147db782599e03424e2dea90
kb_00538563	PAGE	/Users/marcel/corpus-vt/impact-kb-kranten/xml/00538563.xml	035af7dc48f815e4ae79ca75580201b786612f057daf7b917faba7b2817ad285
kb_00538564	PAGE	/Users/marcel/corpus-vt/impact-kb-kranten/xml/00538564.xml	40b04a79f7cad9474f3b71df3dafb3b88cd5311c761ced41458726c73857d188
kb_00538565	PAGE	/Users/marcel/corpus-vt/impact-kb-kranten/xml/00538565.xml	62e12c9f2cf25bf8d3be903c4db985a2c01b98db4ccc57e6135c7e1db3d87ba8
kb_00538566	PAGE	/Users/marcel/corpus-vt/impact-kb-kranten/xml/00538566.xml	4934a0e42bfd1b22d93c4e63983a21c9656c31e143432183043f286b5c6e366c
kb_00538567	PAGE	/Users/marcel/corpus-vt/impact-kb-kranten/xml/00538567.xml	02b2b94ba356ca8d6de3b3ce88a906f2cce5a45e3f13a152b7d39844fd5bb3ef
kb_00538568	PAGE	/Users/marcel/corpus-vt/impact-kb-kranten/xml/00538568.xml	75be7700114d77bc730d54f8a05b1e7c900c6bca061ca51717c74cc42d66e1c6
kb_00538569	PAGE	/Users/marcel/corpus-vt/impact-kb-kranten/xml/00538569.xml	4c8b12848843a6ad434766a2c8b9ad9ca397aef29386b406684ef64c42481443
kb_00538570	PAGE	/Users/marcel/corpus-vt/impact-kb-kranten/xml/00538570.xml	d9726671825985dce7859c5fd577a3fb79de0faa71d6293d95c865581771e8e9
kb_00538571	PAGE	/Users/marcel/corpus-vt/impact-kb-kranten/xml/00538571.xml	1cfee51e216d8c5225abf0368e55f4593aa007280492ba8ca303e82dfe28ac6e
kb_00538572	PAGE	/Users/marcel/corpus-vt/impact-kb-kranten/xml/00538572.xml	d4edbde27b17ee229ae09c3455937f7f03f74f2951cec6bbdf1d606b9d9aba4a
kb_00538573	PAGE	/Users/marcel/corpus-vt/impact-kb-kranten/xml/00538573.xml	c664bd1d3f219957f3769a3e790120c75d06093a6832f766b6189b6658001999
kb_00538574	PAGE	/Users/marcel/corpus-vt/impact-kb-kranten/xml/00538574.xml	71eb1db3666570a8da3e4f3f328b5e17b644d919e2490cdc7728bc51baee9e78
kb_00538575	PAGE	/Users/marcel/corpus-vt/impact-kb-kranten/xml/00538575.xml	184750332a24e84f4f4b86e191f8440ea1bd38e993214b2abbe7ae97e6e02e58
kb_00538576	PAGE	/Users/marcel/corpus-vt/impact-kb-kranten/xml/00538576.xml	4f6b790547bdd98cce79cbe33efdd02d134946c7d3d600e412d92e9332646fb3
kb_00538577	PAGE	/Users/marcel/corpus-vt/impact-kb-kranten/xml/00538577.xml	8def35b36b94485f4dae16c8f79926b815dc887d462e6910e4cbb34ec5f85861
kb_00538578	PAGE	/Users/marcel/corpus-vt/impact-kb-kranten/xml/00538578.xml	e9680305151304942ebe5279ef8201e0786e2046cb4e6368090733f246d14f14
kb_00538579	PAGE	/Users/marcel/corpus-vt/impact-kb-kranten/xml/00538579.xml	04e6f280f954097c21dfb45e5bd9db71be5a95ee32d4934e7722378e48a3260b
kb_00538580	PAGE	/Users/marcel/corpus-vt/impact-kb-kranten/xml/00538580.xml	310257e4cf2c15911c45d6952a4fb9b7a59a8ee6a7b58fcd49bad4d92036eb83
kb_00538581	PAGE	/Users/marcel/corpus-vt/impact-kb-kranten/xml/00538581.xml	09e8a3ab0f031d73d2bff440aad088296b3d0e524b4cdf214035ea8360d37ba2
kb_00538582	PAGE	/Users/marcel/corpus-vt/impact-kb-kranten/xml/00538582.xml	b1159a7600dc2d01ec7b74279c786807ccf91e4e8b41c5dc69c8d2f5e4b4a86f
kb_00538583	PAGE	/Users/marcel/corpus-vt/impact-kb-kranten/xml/00538583.xml	be25271df70028e8386715c6746ec60e2eb2e0267023a180c524b63789971e5c
kb_00538584	PAGE	/Users/marcel/corpus-vt/impact-kb-kranten/xml/00538584.xml	4010d2ef1d466f694533d15df56ee436922accc66b96b642b52e52ca359165c5
kb_00538585	PAGE	/Users/marcel/corpus-vt/impact-kb-kranten/xml/00538585.xml	b31d37b44e1a97399f52782a2612a49d77d525a4a18e6713c973146a941052db
kb_00538586	PAGE	/Users/marcel/corpus-vt/impact-kb-kranten/xml/00538586.xml	c583992b03d7d233b1bb5d7b87358b98f37d5eb4f173567754965f5ee2c44960
kb_00538587	PAGE	/Users/marcel/corpus-vt/impact-kb-kranten/xml/00538587.xml	6f0e54bf17b26eb1b620fa5ab5ed1e6620d427baaa9b3acf196f289ecc8517d7
kb_00538588	PAGE	/Users/marcel/corpus-vt/impact-kb-kranten/xml/00538588.xml	d021a781220e527f289444388159e4b4ef2fc957ff0776fcbad75d268ea7cae9
kb_00538589	PAGE	/Users/marcel/corpus-vt/impact-kb-kranten/xml/00538589.xml	7a02f9a267edb95d94867a5a75372a70362e36417b0f8ba1c286d5c88b3ecfe0
kb_00538590	PAGE	/Users/marcel/corpus-vt/impact-kb-kranten/xml/00538590.xml	f8a8cc9dc8c7761f1074ff0b7ed39991777775bb50320c57e3e3660b4c53dfcd
kb_00538591	PAGE	/Users/marcel/corpus-vt/impact-kb-kranten/xml/00538591.xml	6580dd67b775b7e3a8c54d753ca36e2756b5975da89788a6e8b934bf006f69ed
kb_00538592	PAGE	/Users/marcel/corpus-vt/impact-kb-kranten/xml/00538592.xml	398a180051f307ca97c9a65dc0dbfbb42f3aaf165ff4fa1abfbf4a68d59b8d29
kb_00538593	PAGE	/Users/marcel/corpus-vt/impact-kb-kranten/xml/00538593.xml	c4d2369f3332231e0e91790afd73e892385ffec8ca0cf27a7fbac78abfc04267
kb_00538594	PAGE	/Users/marcel/corpus-vt/impact-kb-kranten/xml/00538594.xml	70202fc8bdf63a7023da7d3e9689bb25e45ffb266ac286ff37d8ff2a81d79fa9
kb_00538595	PAGE	/Users/marcel/corpus-vt/impact-kb-kranten/xml/00538595.xml	b0287df0befd3883975685326e364b2f119dc13ca93afa97ef9e3fbe8b067a70
kb_00538596	PAGE	/Users/marcel/corpus-vt/impact-kb-kranten/xml/00538596.xml	480089b6385c9bee37e570e61aec9f5c11aaa3ee95761ce389f57838a335bacc
kb_00538597	PAGE	/Users/marcel/corpus-vt/impact-kb-kranten/xml/00538597.xml	a2d4cb080020e427860f807c2935be65a4a91c27c750e3def41a341dafcefa94
kb_00538598	PAGE	/Users/marcel/corpus-vt/impact-kb-kranten/xml/00538598.xml	03dc6b161b65b2c0e10b675c5a1b78644dee476cf757946c9d332c4016bcb97a
kb_00538599	PAGE	/Users/marcel/corpus-vt/impact-kb-kranten/xml/00538599.xml	405438b6a03243877133bb51ac2e29466725c0fc0dd32a7dc8843f0992faddfa
kb_00538600	PAGE	/Users/marcel/corpus-vt/impact-kb-kranten/xml/00538600.xml	e8d3e2f1aac37e23986d2cb95bc769cd0e1142a43e3ca1c1f87d8e7eb06f3826
